{
  "timestamp": "2026-05-14T10:10:29.143588",
  "results": {
    "results_by_basis": {
      "flavor": {
        "shapley_values": {
          "cbar": 0.0014040180783490923,
          "sbar": 0.0004608411721747986,
          "ubar": 0.0013970246395271094,
          "dbar": 0.00043229203062375345,
          "g": -0.001107560540218638,
          "d": 0.00041216274864229864,
          "u": 0.0014614962615799188,
          "s": 0.0004545140931087303,
          "c": 0.0014034080055018213
        },
        "phi_even": {
          "cbar": 0.0014040180783490923,
          "sbar": 0.0004608411721747986,
          "ubar": 0.0013970246395271094,
          "dbar": 0.00043229203062375345,
          "g": -0.001107560540218638,
          "d": 0.00041216274864229864,
          "u": 0.0014614962615799188,
          "s": 0.0004545140931087303,
          "c": 0.0014034080055018213
        },
        "phi_odd": {
          "cbar": 0.0009622677527676204,
          "sbar": 0.00024313779594384356,
          "ubar": 0.0008466915084474082,
          "dbar": 0.0002533063932779177,
          "g": 0.000275937741592965,
          "d": 0.00029269016230422206,
          "u": 0.0009378289882729128,
          "s": 0.00027306630006442066,
          "c": 0.0009749863736205171
        },
        "phi_odd_signed": {
          "cbar": 0.0009622677527676204,
          "sbar": 0.00024313779594384356,
          "ubar": 0.0008466915084474082,
          "dbar": 0.0002533063932779177,
          "g": 0.000275937741592965,
          "d": 0.00029269016230422206,
          "u": 0.0009378289882729128,
          "s": 0.00027306630006442066,
          "c": 0.0009749863736205171
        },
        "sign_sensitivity_abs": {
          "cbar": 0.0009622677527676204,
          "sbar": 0.00024313779594384356,
          "ubar": 0.0008466915084474082,
          "dbar": 0.0002533063932779177,
          "g": 0.000275937741592965,
          "d": 0.00029269016230422206,
          "u": 0.0009378289882729128,
          "s": 0.00027306630006442066,
          "c": 0.0009749863736205171
        },
        "shapley_values_per_replica": null,
        "phi_even_per_replica": null,
        "phi_odd_per_replica": null,
        "phi_odd_signed_per_replica": null,
        "shapley_values_per_sign_sample": null,
        "shapley_std": null,
        "std_even_rep": null,
        "shapley_err": null,
        "shapley_values_odd": {
          "cbar": 0.0009622677527676204,
          "sbar": 0.00024313779594384356,
          "ubar": 0.0008466915084474082,
          "dbar": 0.0002533063932779177,
          "g": 0.000275937741592965,
          "d": 0.00029269016230422206,
          "u": 0.0009378289882729128,
          "s": 0.00027306630006442066,
          "c": 0.0009749863736205171
        },
        "shapley_odd_std": null,
        "std_odd_rep": null,
        "shapley_odd_err": null,
        "shapley_sign_std": null,
        "shapley_sign_err": null,
        "per_replica": false,
        "random_sign": false,
        "member_mode": "central",
        "n_sign_samples": 1,
        "antithetic_sign": false,
        "deterministic_sign_symmetrized": true,
        "random_seed": null,
        "baseline_chi2": 1.1425467209619293,
        "validation_checks": {
          "completeness_even": {
            "max_abs_diff": 8.673617379884035e-19,
            "tol": 1e-10,
            "pass": true
          },
          "completeness_odd": {
            "max_abs_diff": 8.673617379884035e-19,
            "tol": 1e-10,
            "pass": true
          },
          "empty_even_zero": {
            "max_abs_diff": 0.0,
            "tol": 1e-10,
            "pass": true
          },
          "empty_odd_zero": {
            "max_abs_diff": 0.0,
            "tol": 1e-10,
            "pass": true
          },
          "chi2_symmetry_residual": 0.010119826032583656,
          "odd_zero_if_symmetric": {
            "phi_odd_max_abs": 0.0009749863736205171,
            "tol": 1e-10,
            "pass": true
          },
          "even_vs_pm": {
            "max_abs_diff": 2.211772431870429e-17,
            "tol": 1e-10,
            "pass": true
          },
          "odd_vs_pm": {
            "max_abs_diff": 6.505213034913027e-19,
            "tol": 1e-10,
            "pass": true
          }
        },
        "coalitions_evaluated": 512,
        "theory_evaluations": 1023,
        "elapsed_seconds": 1918.0,
        "n_jobs": 16,
        "n_datasets_used": 82,
        "stabilization": {
          "enabled": true,
          "action": "exclude_dataset",
          "dataset_delta_chi2_threshold": 100000.0,
          "max_outlier_coalitions": 5,
          "stable_rerun_performed": false,
          "n_excluded_datasets": 0,
          "excluded_datasets": [],
          "report_json": "/home/dakshanshchawda/nnpdf/validphys2/src/validphys/shapley/sv_results/nnpdf40_physical/20260514_093633_physical_xscan_dense_evol/mu_04/stabilization_report_flavor.json"
        }
      }
    }
  },
  "metadata": {
    "runcard": "/home/dakshanshchawda/nnpdf/validphys2/src/validphys/shapley/runcards/nnpdf4.0_physical_dense.yaml",
    "pdf_name": "NNPDF40_nnlo_as_01180",
    "theory_id": 708,
    "n_datasets": 82,
    "n_replicas": 100,
    "perturbation": {
      "mu": 0.000174621003703,
      "sigma": 0.25,
      "amplitude": 1.0,
      "mode": "physical",
      "xspace": "logx",
      "per_replica": false,
      "random_sign": false,
      "member_mode": "central",
      "n_sign_samples": 1,
      "antithetic_sign": false,
      "deterministic_sign_symmetrized": true,
      "random_seed": null
    },
    "enforce_sumrules": false,
    "n_jobs": 16,
    "stabilization": {
      "enabled": true,
      "action": "exclude_dataset",
      "dataset_delta_chi2_threshold": 100000.0,
      "max_outlier_coalitions": 5,
      "rerun_stable": true
    }
  }
}