flavour,shapley_value
cbar,0.00096227
sbar,0.00024314
ubar,0.00084669
dbar,0.00025331
g,0.00027594
d,0.00029269
u,0.00093783
s,0.00027307
c,0.00097499
