flavour,shapley_value
cbar,0.00140402
sbar,0.00046084
ubar,0.00139702
dbar,0.00043229
g,-0.00110756
d,0.00041216
u,0.00146150
s,0.00045451
c,0.00140341
