{
  "outlier_n_sigma": 3.0,
  "chi2_stats": {
    "n_coalitions": 512,
    "mean": -7.20648381378414e-05,
    "std": 0.00025210074777883045,
    "min": -0.00043090406310763996,
    "max": 0.00027425110523804364,
    "median": -6.557707733589879e-05,
    "p95": 0.00027380069304676623,
    "p99": 0.0002741989305261128
  },
  "outlier_chi2_threshold": 0.0006842374051986499,
  "n_outlier_coalitions": 0,
  "outlier_coalitions": [],
  "per_player_marginals": {
    "cbar": {
      "n_marginals": 256,
      "mean": -1.5725032667633643e-06,
      "std": 1.3468622585027243e-06,
      "min": -3.1078814810570066e-06,
      "max": -3.654755387216824e-08,
      "p05": -3.1075905310151697e-06,
      "p95": -3.683831018008732e-08,
      "n_outliers_high": 0,
      "n_outliers_low": 0
    },
    "sbar": {
      "n_marginals": 256,
      "mean": -1.4566968251231507e-05,
      "std": 0.0002888023929891079,
      "min": -0.00030441466714314913,
      "max": 0.0002752798412049007,
      "p05": -0.0003042337810613138,
      "p95": 0.0002751010953500055,
      "n_outliers_high": 0,
      "n_outliers_low": 0
    },
    "ubar": {
      "n_marginals": 256,
      "mean": -9.797392724573972e-07,
      "std": 6.986135779553572e-07,
      "min": -1.7556678650887392e-06,
      "max": -2.027315262331797e-07,
      "p05": -1.7555210582997915e-06,
      "p95": -2.0287831076215568e-07,
      "n_outliers_high": 0,
      "n_outliers_low": 0
    },
    "dbar": {
      "n_marginals": 256,
      "mean": -4.5345309451771953e-10,
      "std": 9.915088123359238e-09,
      "min": -1.4238217271866915e-08,
      "max": 1.3342939642058127e-08,
      "p05": -1.423009765577632e-08,
      "p95": 1.3334816972854213e-08,
      "n_outliers_high": 0,
      "n_outliers_low": 0
    },
    "g": {
      "n_marginals": 256,
      "mean": 3.962788579746357e-08,
      "std": 1.4310164635573118e-09,
      "min": 3.8079194242257586e-08,
      "max": 4.118022678412103e-08,
      "p05": 3.808210419231628e-08,
      "p95": 4.117731183805873e-08,
      "n_outliers_high": 0,
      "n_outliers_low": 0
    },
    "d": {
      "n_marginals": 256,
      "mean": 3.7785914779042695e-09,
      "std": 1.840808702733859e-08,
      "min": -1.8068744056520814e-08,
      "max": 2.563703316305066e-08,
      "p05": -1.8056422745882372e-08,
      "p95": 2.5624705413118676e-08,
      "n_outliers_high": 0,
      "n_outliers_low": 0
    },
    "u": {
      "n_marginals": 256,
      "mean": -2.351567313981645e-07,
      "std": 2.6888974082385524e-07,
      "min": -6.01594504878733e-07,
      "max": 1.3161227374602902e-07,
      "p05": -6.014572528356688e-07,
      "p95": 1.314749982217478e-07,
      "n_outliers_high": 0,
      "n_outliers_low": 0
    },
    "s": {
      "n_marginals": 256,
      "mean": -0.0004130303076265284,
      "std": 0.0002888058342683444,
      "min": -0.0007043017060728296,
      "max": -0.00012175802657443668,
      "p05": -0.0007040005237030633,
      "p95": -0.00012205856337388354,
      "n_outliers_high": 0,
      "n_outliers_low": 0
    },
    "c": {
      "n_marginals": 256,
      "mean": -4.99787651356623e-07,
      "std": 5.894780414317058e-07,
      "min": -1.3028674521464723e-06,
      "max": 3.0373097925640025e-07,
      "p05": -1.3025903187191545e-06,
      "p95": 3.0345412388443904e-07,
      "n_outliers_high": 0,
      "n_outliers_low": 0
    }
  }
}