flavour,shapley_value
cbar,0.00000161
sbar,0.00001457
ubar,0.00000102
dbar,0.00000000
g,0.00000004
d,0.00000001
u,0.00000024
s,0.00041305
c,0.00000051
