flavour,shapley_value
cbar,-0.00000157
sbar,-0.00001457
ubar,-0.00000098
dbar,-0.00000000
g,0.00000004
d,0.00000000
u,-0.00000024
s,-0.00041303
c,-0.00000050
