{
  "outlier_n_sigma": 3.0,
  "chi2_stats": {
    "n_coalitions": 512,
    "mean": 0.029185244981183647,
    "std": 0.016753668137011495,
    "min": 0.0,
    "max": 0.08625663806297124,
    "median": 0.026418976707376807,
    "p95": 0.060842945085802756,
    "p99": 0.07343074761461794
  },
  "outlier_chi2_threshold": 0.07944624939221813,
  "n_outlier_coalitions": 2,
  "outlier_coalitions": [
    {
      "coalition": [
        0,
        2,
        4,
        5,
        7
      ],
      "coalition_labels": [
        "cbar",
        "ubar",
        "g",
        "d",
        "s"
      ],
      "size": 5,
      "chi2": 0.08625663806297124,
      "z_score": 3.406501347350189
    },
    {
      "coalition": [
        0,
        2,
        4,
        5,
        7,
        8
      ],
      "coalition_labels": [
        "cbar",
        "ubar",
        "g",
        "d",
        "s",
        "c"
      ],
      "size": 6,
      "chi2": 0.08067755806594956,
      "z_score": 3.073494870714985
    }
  ],
  "per_player_marginals": {
    "cbar": {
      "n_marginals": 256,
      "mean": 0.004732231757610632,
      "std": 0.004599730350348644,
      "min": -0.0061244264947157845,
      "max": 0.015606221264047981,
      "p05": -0.002865600912996147,
      "p95": 0.012329669346062222,
      "n_outliers_high": 0,
      "n_outliers_low": 0
    },
    "sbar": {
      "n_marginals": 256,
      "mean": 0.006013294163869183,
      "std": 0.006320012610082993,
      "min": -0.009173373754494563,
      "max": 0.021221719453467847,
      "p05": -0.004461547491653173,
      "p95": 0.016500228762468316,
      "n_outliers_high": 0,
      "n_outliers_low": 0
    },
    "ubar": {
      "n_marginals": 256,
      "mean": 0.01683304832713631,
      "std": 0.011618313342051462,
      "min": -0.011754522142009005,
      "max": 0.045447135484987466,
      "p05": -0.0018441662980676066,
      "p95": 0.03550828028599379,
      "n_outliers_high": 0,
      "n_outliers_low": 0
    },
    "dbar": {
      "n_marginals": 256,
      "mean": 0.004014277473751394,
      "std": 0.008605964508167216,
      "min": -0.01725749174006963,
      "max": 0.025293154583779565,
      "p05": -0.010154257445545212,
      "p95": 0.01818065196512325,
      "n_outliers_high": 0,
      "n_outliers_low": 0
    },
    "g": {
      "n_marginals": 256,
      "mean": 0.009602498868922131,
      "std": 0.003193268706184418,
      "min": 0.002518420460710269,
      "max": 0.016696332178392836,
      "p05": 0.004297567550509307,
      "p95": 0.014904654083206237,
      "n_outliers_high": 0,
      "n_outliers_low": 0
    },
    "d": {
      "n_marginals": 256,
      "mean": 0.01652985922380519,
      "std": 0.011755938660646382,
      "min": -0.012270618844894887,
      "max": 0.045350484765516175,
      "p05": -0.0026723080647726993,
      "p95": 0.03573990247342729,
      "n_outliers_high": 0,
      "n_outliers_low": 0
    },
    "u": {
      "n_marginals": 256,
      "mean": 0.005783327676723498,
      "std": 0.0077712812050082835,
      "min": -0.013405512993472701,
      "max": 0.02498383059816911,
      "p05": -0.006902504536012377,
      "p95": 0.018468555694569677,
      "n_outliers_high": 0,
      "n_outliers_low": 0
    },
    "s": {
      "n_marginals": 256,
      "mean": 0.009646073275655885,
      "std": 0.00709625572519064,
      "min": -0.006294133875407892,
      "max": 0.025599723261944485,
      "p05": -0.0019101689752626938,
      "p95": 0.0212149595306792,
      "n_outliers_high": 0,
      "n_outliers_low": 0
    },
    "c": {
      "n_marginals": 256,
      "mean": 0.0018283850631532796,
      "std": 0.003096064423231181,
      "min": -0.005753230012936594,
      "max": 0.009427893864251358,
      "p05": -0.0031569262280172206,
      "p95": 0.0068175641052791724,
      "n_outliers_high": 0,
      "n_outliers_low": 0
    }
  }
}