{
  "timestamp": "2026-05-14T10:08:23.659930",
  "results": {
    "results_by_basis": {
      "flavor": {
        "shapley_values": {
          "cbar": 0.004733239906626111,
          "sbar": 0.006015027854007912,
          "ubar": 0.016833604833472796,
          "dbar": 0.004015508523417472,
          "g": 0.009604124684567898,
          "d": 0.016529824423452084,
          "u": 0.005784564143181628,
          "s": 0.009648357558199388,
          "c": 0.0018282426785146038
        },
        "phi_even": {
          "cbar": 0.004733239906626111,
          "sbar": 0.006015027854007912,
          "ubar": 0.016833604833472796,
          "dbar": 0.004015508523417472,
          "g": 0.009604124684567898,
          "d": 0.016529824423452084,
          "u": 0.005784564143181628,
          "s": 0.009648357558199388,
          "c": 0.0018282426785146038
        },
        "phi_odd": {
          "cbar": 0.0006605535806511882,
          "sbar": 0.0018163623283684426,
          "ubar": 0.0030320875018222714,
          "dbar": 0.00029393246837134383,
          "g": 0.0010460587972123613,
          "d": 0.0031517557727277724,
          "u": 0.0016474012721621595,
          "s": 0.0009496791244157219,
          "c": 0.0007697482648602367
        },
        "phi_odd_signed": {
          "cbar": 0.0006605535806511882,
          "sbar": 0.0018163623283684426,
          "ubar": 0.0030320875018222714,
          "dbar": 0.00029393246837134383,
          "g": 0.0010460587972123613,
          "d": 0.0031517557727277724,
          "u": 0.0016474012721621595,
          "s": 0.0009496791244157219,
          "c": 0.0007697482648602367
        },
        "sign_sensitivity_abs": {
          "cbar": 0.0006605535806511882,
          "sbar": 0.0018163623283684426,
          "ubar": 0.0030320875018222714,
          "dbar": 0.00029393246837134383,
          "g": 0.0010460587972123613,
          "d": 0.0031517557727277724,
          "u": 0.0016474012721621595,
          "s": 0.0009496791244157219,
          "c": 0.0007697482648602367
        },
        "shapley_values_per_replica": null,
        "phi_even_per_replica": null,
        "phi_odd_per_replica": null,
        "phi_odd_signed_per_replica": null,
        "shapley_values_per_sign_sample": null,
        "shapley_std": null,
        "std_even_rep": null,
        "shapley_err": null,
        "shapley_values_odd": {
          "cbar": 0.0006605535806511882,
          "sbar": 0.0018163623283684426,
          "ubar": 0.0030320875018222714,
          "dbar": 0.00029393246837134383,
          "g": 0.0010460587972123613,
          "d": 0.0031517557727277724,
          "u": 0.0016474012721621595,
          "s": 0.0009496791244157219,
          "c": 0.0007697482648602367
        },
        "shapley_odd_std": null,
        "std_odd_rep": null,
        "shapley_odd_err": null,
        "shapley_sign_std": null,
        "shapley_sign_err": null,
        "per_replica": false,
        "random_sign": false,
        "member_mode": "central",
        "n_sign_samples": 1,
        "antithetic_sign": false,
        "deterministic_sign_symmetrized": true,
        "random_seed": null,
        "baseline_chi2": 1.1425467209619293,
        "validation_checks": {
          "completeness_even": {
            "max_abs_diff": 0.0,
            "tol": 1e-10,
            "pass": true
          },
          "completeness_odd": {
            "max_abs_diff": 1.734723475976807e-18,
            "tol": 1e-10,
            "pass": true
          },
          "empty_even_zero": {
            "max_abs_diff": 0.0,
            "tol": 1e-10,
            "pass": true
          },
          "empty_odd_zero": {
            "max_abs_diff": 0.0,
            "tol": 1e-10,
            "pass": true
          },
          "chi2_symmetry_residual": 0.026735158221182997,
          "odd_zero_if_symmetric": {
            "phi_odd_max_abs": 0.0031517557727277724,
            "tol": 1e-10,
            "pass": true
          },
          "even_vs_pm": {
            "max_abs_diff": 4.683753385137379e-17,
            "tol": 1e-10,
            "pass": true
          },
          "odd_vs_pm": {
            "max_abs_diff": 6.071532165918825e-18,
            "tol": 1e-10,
            "pass": true
          }
        },
        "coalitions_evaluated": 512,
        "theory_evaluations": 1023,
        "elapsed_seconds": 1795.3,
        "n_jobs": 16,
        "n_datasets_used": 82,
        "stabilization": {
          "enabled": true,
          "action": "exclude_dataset",
          "dataset_delta_chi2_threshold": 100000.0,
          "max_outlier_coalitions": 5,
          "stable_rerun_performed": false,
          "n_excluded_datasets": 0,
          "excluded_datasets": [],
          "report_json": "/home/dakshanshchawda/nnpdf/validphys2/src/validphys/shapley/sv_results/nnpdf40_physical/20260514_093633_physical_xscan_dense_evol/mu_30/stabilization_report_flavor.json"
        }
      }
    }
  },
  "metadata": {
    "runcard": "/home/dakshanshchawda/nnpdf/validphys2/src/validphys/shapley/runcards/nnpdf4.0_physical_dense.yaml",
    "pdf_name": "NNPDF40_nnlo_as_01180",
    "theory_id": 708,
    "n_datasets": 82,
    "n_replicas": 100,
    "perturbation": {
      "mu": 0.0218910188519,
      "sigma": 0.25,
      "amplitude": 1.0,
      "mode": "physical",
      "xspace": "logx",
      "per_replica": false,
      "random_sign": false,
      "member_mode": "central",
      "n_sign_samples": 1,
      "antithetic_sign": false,
      "deterministic_sign_symmetrized": true,
      "random_seed": null
    },
    "enforce_sumrules": false,
    "n_jobs": 16,
    "stabilization": {
      "enabled": true,
      "action": "exclude_dataset",
      "dataset_delta_chi2_threshold": 100000.0,
      "max_outlier_coalitions": 5,
      "rerun_stable": true
    }
  }
}