flavour,shapley_value
cbar,0.00473324
sbar,0.00601503
ubar,0.01683360
dbar,0.00401551
g,0.00960412
d,0.01652982
u,0.00578456
s,0.00964836
c,0.00182824
