flavour,shapley_value
cbar,0.00066055
sbar,0.00181636
ubar,0.00303209
dbar,0.00029393
g,0.00104606
d,0.00315176
u,0.00164740
s,0.00094968
c,0.00076975
