{
  "outlier_n_sigma": 3.0,
  "chi2_stats": {
    "n_coalitions": 512,
    "mean": 4.398001074359991e-05,
    "std": 0.00015617831020542174,
    "min": -0.00017081376029448592,
    "max": 0.00026354010310547515,
    "median": 4.1601391798984366e-05,
    "p95": 0.0002633909712861482,
    "p99": 0.00026349018646357967
  },
  "outlier_chi2_threshold": 0.0005125149413598651,
  "n_outlier_coalitions": 0,
  "outlier_coalitions": [],
  "per_player_marginals": {
    "cbar": {
      "n_marginals": 256,
      "mean": 5.675335896116601e-08,
      "std": 4.091662374673984e-08,
      "min": 1.4320145513835314e-08,
      "max": 9.918680232701149e-08,
      "p05": 1.4333758679985209e-08,
      "p95": 9.917318744001591e-08,
      "n_outliers_high": 0,
      "n_outliers_low": 0
    },
    "sbar": {
      "n_marginals": 256,
      "mean": -0.00017498378785031372,
      "std": 4.634455489936552e-06,
      "min": -0.00017962343546207293,
      "max": -0.0001703441409262041,
      "p05": -0.00017962157217954466,
      "p95": -0.00017034600396959032,
      "n_outliers_high": 0,
      "n_outliers_low": 0
    },
    "ubar": {
      "n_marginals": 256,
      "mean": 2.3817496496748858e-08,
      "std": 2.3952682744281737e-08,
      "min": -9.595426675446106e-10,
      "max": 4.859466651296884e-08,
      "p05": -9.515638832446882e-10,
      "p95": 4.858668506413366e-08,
      "n_outliers_high": 0,
      "n_outliers_low": 0
    },
    "dbar": {
      "n_marginals": 256,
      "mean": -1.3610011737399952e-09,
      "std": 3.356902591196973e-11,
      "min": -1.4083161303801717e-09,
      "max": -1.313687603143876e-09,
      "p05": -1.4082911503621176e-09,
      "p95": -1.3137116949835104e-09,
      "n_outliers_high": 0,
      "n_outliers_low": 0
    },
    "g": {
      "n_marginals": 256,
      "mean": -4.6588728236807847e-07,
      "std": 1.1781479506886476e-10,
      "min": -4.6604368320046774e-07,
      "max": -4.65730887189153e-07,
      "p05": -4.660435638514926e-07,
      "p95": -4.657310044287044e-07,
      "n_outliers_high": 0,
      "n_outliers_low": 0
    },
    "d": {
      "n_marginals": 256,
      "mean": -1.2654264363795575e-09,
      "std": 3.272048345097493e-11,
      "min": -1.3113825581001493e-09,
      "max": -1.219471856828136e-09,
      "p05": -1.3113588548385735e-09,
      "p95": -1.2194940612886285e-09,
      "n_outliers_high": 0,
      "n_outliers_low": 0
    },
    "u": {
      "n_marginals": 256,
      "mean": 4.379568278606999e-08,
      "std": 2.3175016060756892e-08,
      "min": 1.9689003094569557e-08,
      "max": 6.790248185950531e-08,
      "p05": 1.9696977548999683e-08,
      "p95": 6.789450385236151e-08,
      "n_outliers_high": 0,
      "n_outliers_low": 0
    },
    "s": {
      "n_marginals": 256,
      "mean": 0.0002586998669633139,
      "std": 4.634925820437311e-06,
      "min": 0.0002539375096675123,
      "max": 0.0002634622249457763,
      "p05": 0.0002539839603062366,
      "p95": 0.00026341577407745786,
      "n_outliers_high": 0,
      "n_outliers_low": 0
    },
    "c": {
      "n_marginals": 256,
      "mean": 7.636850858031702e-08,
      "std": 3.985821504257079e-08,
      "min": 3.475328957946999e-08,
      "max": 1.1798394439210824e-07,
      "p05": 3.476700283222556e-08,
      "p95": 1.1797022819726166e-07,
      "n_outliers_high": 0,
      "n_outliers_low": 0
    }
  }
}