flavour,shapley_value
cbar,0.00000006
sbar,0.00017498
ubar,0.00000002
dbar,0.00000000
g,0.00000047
d,0.00000000
u,0.00000004
s,0.00025870
c,0.00000008
