{
  "outlier_n_sigma": 3.0,
  "chi2_stats": {
    "n_coalitions": 512,
    "mean": 0.004915494660650508,
    "std": 0.0026840029202128486,
    "min": 0.0,
    "max": 0.014612541629167364,
    "median": 0.004610152785345489,
    "p95": 0.009819697186609376,
    "p99": 0.012164325055297274
  },
  "outlier_chi2_threshold": 0.012967503421289054,
  "n_outlier_coalitions": 3,
  "outlier_coalitions": [
    {
      "coalition": [
        0,
        1,
        2,
        3,
        4,
        5,
        6,
        7,
        8
      ],
      "coalition_labels": [
        "cbar",
        "sbar",
        "ubar",
        "dbar",
        "g",
        "d",
        "u",
        "s",
        "c"
      ],
      "size": 9,
      "chi2": 0.014612541629167364,
      "z_score": 3.612904775732455
    },
    {
      "coalition": [
        0,
        1,
        2,
        3,
        4,
        6,
        7,
        8
      ],
      "coalition_labels": [
        "cbar",
        "sbar",
        "ubar",
        "dbar",
        "g",
        "u",
        "s",
        "c"
      ],
      "size": 8,
      "chi2": 0.013563554876955708,
      "z_score": 3.222075561534555
    },
    {
      "coalition": [
        0,
        1,
        2,
        3,
        4,
        5,
        6,
        8
      ],
      "coalition_labels": [
        "cbar",
        "sbar",
        "ubar",
        "dbar",
        "g",
        "d",
        "u",
        "c"
      ],
      "size": 8,
      "chi2": 0.01310288824818806,
      "z_score": 3.050441385841812
    }
  ],
  "per_player_marginals": {
    "cbar": {
      "n_marginals": 256,
      "mean": 0.0021233463680828957,
      "std": 0.0007238679547173767,
      "min": 0.0004664394638378422,
      "max": 0.003780253188802485,
      "p05": 0.0008867595613809565,
      "p95": 0.003359933112304203,
      "n_outliers_high": 0,
      "n_outliers_low": 0
    },
    "sbar": {
      "n_marginals": 256,
      "mean": 0.0009430524024531435,
      "std": 0.0003450884910462188,
      "min": 8.158391850243696e-05,
      "max": 0.0018045242930748717,
      "p05": 0.0003838271002697957,
      "p95": 0.0015022749449273287,
      "n_outliers_high": 0,
      "n_outliers_low": 0
    },
    "ubar": {
      "n_marginals": 256,
      "mean": 0.0020609566530556678,
      "std": 0.0007156441805628869,
      "min": 0.00033332181416012574,
      "max": 0.0037885896617866344,
      "p05": 0.0008769172105337342,
      "p95": 0.0032449935019805976,
      "n_outliers_high": 0,
      "n_outliers_low": 0
    },
    "dbar": {
      "n_marginals": 256,
      "mean": 0.0015692645616117822,
      "std": 0.00042920463606470794,
      "min": 0.0006729922517869635,
      "max": 0.0024655472431864833,
      "p05": 0.0008816588890579458,
      "p95": 0.002256878346286184,
      "n_outliers_high": 0,
      "n_outliers_low": 0
    },
    "g": {
      "n_marginals": 256,
      "mean": 0.0023258572786726984,
      "std": 0.00037111872372299265,
      "min": 0.0016411619829381774,
      "max": 0.0030105604440642253,
      "p05": 0.0017891007854275442,
      "p95": 0.0028626204499507812,
      "n_outliers_high": 0,
      "n_outliers_low": 0
    },
    "d": {
      "n_marginals": 256,
      "mean": 0.0005495471718844486,
      "std": 0.0002567594020581113,
      "min": -0.00010112330708955675,
      "max": 0.0012002162332080957,
      "p05": 0.00013180959218200838,
      "p95": 0.0009672840442128128,
      "n_outliers_high": 0,
      "n_outliers_low": 0
    },
    "u": {
      "n_marginals": 256,
      "mean": 0.0020720264208793984,
      "std": 0.0007057571633077939,
      "min": 0.0002984110002279827,
      "max": 0.003845639870563522,
      "p05": 0.000947638359941938,
      "p95": 0.0031964151294389676,
      "n_outliers_high": 0,
      "n_outliers_low": 0
    },
    "s": {
      "n_marginals": 256,
      "mean": 0.0007908269979227181,
      "std": 0.00033312773635035917,
      "min": -2.96659384697584e-05,
      "max": 0.001611320759519641,
      "p05": 0.000244228615282005,
      "p95": 0.001337424623463701,
      "n_outliers_high": 0,
      "n_outliers_low": 0
    },
    "c": {
      "n_marginals": 256,
      "mean": 0.0021776643690593154,
      "std": 0.0007194309471821874,
      "min": 0.00045884779198335224,
      "max": 0.003896481536234342,
      "p05": 0.000985182114343508,
      "p95": 0.00337014657192658,
      "n_outliers_high": 0,
      "n_outliers_low": 0
    }
  }
}