flavour,shapley_value
cbar,0.00212335
sbar,0.00094305
ubar,0.00206096
dbar,0.00156926
g,0.00232586
d,0.00054955
u,0.00207203
s,0.00079083
c,0.00217766
