flavour,shapley_value
cbar,0.00114946
sbar,0.00022722
ubar,0.00030870
dbar,0.00093875
g,0.00187908
d,0.00013211
u,0.00033814
s,0.00002053
c,0.00104721
