{
  "outlier_n_sigma": 3.0,
  "chi2_stats": {
    "n_coalitions": 512,
    "mean": 0.0075297259194762305,
    "std": 0.0037779054837537417,
    "min": 0.0,
    "max": 0.020635040385149184,
    "median": 0.00718947188261021,
    "p95": 0.014602782545939018,
    "p99": 0.017182475017358773
  },
  "outlier_chi2_threshold": 0.018863442370737456,
  "n_outlier_coalitions": 2,
  "outlier_coalitions": [
    {
      "coalition": [
        0,
        1,
        2,
        3,
        4,
        5,
        6,
        7,
        8
      ],
      "coalition_labels": [
        "cbar",
        "sbar",
        "ubar",
        "dbar",
        "g",
        "d",
        "u",
        "s",
        "c"
      ],
      "size": 9,
      "chi2": 0.020635040385149184,
      "z_score": 3.4689365634027087
    },
    {
      "coalition": [
        0,
        1,
        2,
        3,
        4,
        6,
        7,
        8
      ],
      "coalition_labels": [
        "cbar",
        "sbar",
        "ubar",
        "dbar",
        "g",
        "u",
        "s",
        "c"
      ],
      "size": 8,
      "chi2": 0.01943220928118694,
      "z_score": 3.150550857583752
    }
  ],
  "per_player_marginals": {
    "cbar": {
      "n_marginals": 256,
      "mean": 0.002167917841144065,
      "std": 0.0008052835473854419,
      "min": 0.00022784221717264685,
      "max": 0.004108066991437509,
      "p05": 0.0007960872871671243,
      "p95": 0.003539792476432435,
      "n_outliers_high": 0,
      "n_outliers_low": 0
    },
    "sbar": {
      "n_marginals": 256,
      "mean": 0.0019361027794944146,
      "std": 0.0010610028523108117,
      "min": -0.0003156611766961248,
      "max": 0.004187903900689793,
      "p05": 0.00027714086895835877,
      "p95": 0.0035950899429880723,
      "n_outliers_high": 0,
      "n_outliers_low": 0
    },
    "ubar": {
      "n_marginals": 256,
      "mean": 0.0031620320544249953,
      "std": 0.0009657928083415538,
      "min": 0.0006334072297380366,
      "max": 0.005690476204955663,
      "p05": 0.001544721923423087,
      "p95": 0.004779148264099198,
      "n_outliers_high": 0,
      "n_outliers_low": 0
    },
    "dbar": {
      "n_marginals": 256,
      "mean": 0.0026523072139543495,
      "std": 0.0017128899467406125,
      "min": -0.0017316974101648785,
      "max": 0.007035844994240925,
      "p05": -0.0001873007219911349,
      "p95": 0.005491877354412811,
      "n_outliers_high": 0,
      "n_outliers_low": 0
    },
    "g": {
      "n_marginals": 256,
      "mean": 0.002882924677596407,
      "std": 0.0005049402610807471,
      "min": 0.0018594203882620342,
      "max": 0.003906331285715492,
      "p05": 0.002085598717072923,
      "p95": 0.003680306854975779,
      "n_outliers_high": 0,
      "n_outliers_low": 0
    },
    "d": {
      "n_marginals": 256,
      "mean": 0.001064848587838829,
      "std": 0.001284760993338131,
      "min": -0.001593416898953759,
      "max": 0.0037230636957832353,
      "p05": -0.0010075524840827965,
      "p95": 0.0031372761191317267,
      "n_outliers_high": 0,
      "n_outliers_low": 0
    },
    "u": {
      "n_marginals": 256,
      "mean": 0.003296462641829063,
      "std": 0.000998915709324686,
      "min": 0.0008748805231955092,
      "max": 0.005718112384966334,
      "p05": 0.0017144224424891497,
      "p95": 0.004878609800034184,
      "n_outliers_high": 0,
      "n_outliers_low": 0
    },
    "s": {
      "n_marginals": 256,
      "mean": 0.001439336639687777,
      "std": 0.0010532962708086344,
      "min": -0.0009598512197630527,
      "max": 0.003838555442469138,
      "p05": -0.00034811712198268285,
      "p95": 0.0032268090731973342,
      "n_outliers_high": 0,
      "n_outliers_low": 0
    },
    "c": {
      "n_marginals": 256,
      "mean": 0.0020329133363520503,
      "std": 0.0007288194365929815,
      "min": 0.00027986551995007325,
      "max": 0.0037861617669157077,
      "p05": 0.0008477796385841785,
      "p95": 0.0032180879699914566,
      "n_outliers_high": 0,
      "n_outliers_low": 0
    }
  }
}