{
  "timestamp": "2026-05-14T10:04:02.385820",
  "results": {
    "results_by_basis": {
      "flavor": {
        "shapley_values": {
          "cbar": 0.0021679529681110843,
          "sbar": 0.001936113015417376,
          "ubar": 0.003162041853897824,
          "dbar": 0.002652365689615843,
          "g": 0.0028829416304686556,
          "d": 0.0010648578852908933,
          "u": 0.0032964739124165293,
          "s": 0.0014393466581574142,
          "c": 0.00203294677177356
        },
        "phi_even": {
          "cbar": 0.0021679529681110843,
          "sbar": 0.001936113015417376,
          "ubar": 0.003162041853897824,
          "dbar": 0.002652365689615843,
          "g": 0.0028829416304686556,
          "d": 0.0010648578852908933,
          "u": 0.0032964739124165293,
          "s": 0.0014393466581574142,
          "c": 0.00203294677177356
        },
        "phi_odd": {
          "cbar": 0.0015392864606662096,
          "sbar": 0.0009023005652003182,
          "ubar": 0.002176324429852698,
          "dbar": 0.0006863554311580453,
          "g": 0.001087863005875547,
          "d": 0.0003432495242502141,
          "u": 0.0002405202357955206,
          "s": 0.0005134524493408171,
          "c": 0.0010947409210530523
        },
        "phi_odd_signed": {
          "cbar": 0.0015392864606662096,
          "sbar": 0.0009023005652003182,
          "ubar": 0.002176324429852698,
          "dbar": 0.0006863554311580453,
          "g": -0.001087863005875547,
          "d": 0.0003432495242502141,
          "u": -0.0002405202357955206,
          "s": 0.0005134524493408171,
          "c": 0.0010947409210530523
        },
        "sign_sensitivity_abs": {
          "cbar": 0.0015392864606662096,
          "sbar": 0.0009023005652003182,
          "ubar": 0.002176324429852698,
          "dbar": 0.0006863554311580453,
          "g": 0.001087863005875547,
          "d": 0.0003432495242502141,
          "u": 0.0002405202357955206,
          "s": 0.0005134524493408171,
          "c": 0.0010947409210530523
        },
        "shapley_values_per_replica": null,
        "phi_even_per_replica": null,
        "phi_odd_per_replica": null,
        "phi_odd_signed_per_replica": null,
        "shapley_values_per_sign_sample": null,
        "shapley_std": null,
        "std_even_rep": null,
        "shapley_err": null,
        "shapley_values_odd": {
          "cbar": 0.0015392864606662096,
          "sbar": 0.0009023005652003182,
          "ubar": 0.002176324429852698,
          "dbar": 0.0006863554311580453,
          "g": 0.001087863005875547,
          "d": 0.0003432495242502141,
          "u": 0.0002405202357955206,
          "s": 0.0005134524493408171,
          "c": 0.0010947409210530523
        },
        "shapley_odd_std": null,
        "std_odd_rep": null,
        "shapley_odd_err": null,
        "shapley_sign_std": null,
        "shapley_sign_err": null,
        "per_replica": false,
        "random_sign": false,
        "member_mode": "central",
        "n_sign_samples": 1,
        "antithetic_sign": false,
        "deterministic_sign_symmetrized": true,
        "random_seed": null,
        "baseline_chi2": 1.1425467209619293,
        "validation_checks": {
          "completeness_even": {
            "max_abs_diff": 3.469446951953614e-18,
            "tol": 1e-10,
            "pass": true
          },
          "completeness_odd": {
            "max_abs_diff": 1.734723475976807e-18,
            "tol": 1e-10,
            "pass": true
          },
          "empty_even_zero": {
            "max_abs_diff": 0.0,
            "tol": 1e-10,
            "pass": true
          },
          "empty_odd_zero": {
            "max_abs_diff": 0.0,
            "tol": 1e-10,
            "pass": true
          },
          "chi2_symmetry_residual": 0.0141037252806675,
          "odd_zero_if_symmetric": {
            "phi_odd_max_abs": 0.002176324429852698,
            "tol": 1e-10,
            "pass": true
          },
          "even_vs_pm": {
            "max_abs_diff": 2.3852447794681098e-17,
            "tol": 1e-10,
            "pass": true
          },
          "odd_vs_pm": {
            "max_abs_diff": 1.734723475976807e-18,
            "tol": 1e-10,
            "pass": true
          }
        },
        "coalitions_evaluated": 512,
        "theory_evaluations": 1023,
        "elapsed_seconds": 1556.4,
        "n_jobs": 16,
        "n_datasets_used": 82,
        "stabilization": {
          "enabled": true,
          "action": "exclude_dataset",
          "dataset_delta_chi2_threshold": 100000.0,
          "max_outlier_coalitions": 5,
          "stable_rerun_performed": false,
          "n_excluded_datasets": 0,
          "excluded_datasets": [],
          "report_json": "/home/dakshanshchawda/nnpdf/validphys2/src/validphys/shapley/sv_results/nnpdf40_physical/20260514_093633_physical_xscan_dense_evol/mu_20/stabilization_report_flavor.json"
        }
      }
    }
  },
  "metadata": {
    "runcard": "/home/dakshanshchawda/nnpdf/validphys2/src/validphys/shapley/runcards/nnpdf4.0_physical_dense.yaml",
    "pdf_name": "NNPDF40_nnlo_as_01180",
    "theory_id": 708,
    "n_datasets": 82,
    "n_replicas": 100,
    "perturbation": {
      "mu": 0.00341411155735,
      "sigma": 0.25,
      "amplitude": 1.0,
      "mode": "physical",
      "xspace": "logx",
      "per_replica": false,
      "random_sign": false,
      "member_mode": "central",
      "n_sign_samples": 1,
      "antithetic_sign": false,
      "deterministic_sign_symmetrized": true,
      "random_seed": null
    },
    "enforce_sumrules": false,
    "n_jobs": 16,
    "stabilization": {
      "enabled": true,
      "action": "exclude_dataset",
      "dataset_delta_chi2_threshold": 100000.0,
      "max_outlier_coalitions": 5,
      "rerun_stable": true
    }
  }
}