flavour,shapley_value
cbar,0.00153929
sbar,0.00090230
ubar,0.00217632
dbar,0.00068636
g,0.00108786
d,0.00034325
u,0.00024052
s,0.00051345
c,0.00109474
