flavour,shapley_value
cbar,0.00216795
sbar,0.00193611
ubar,0.00316204
dbar,0.00265237
g,0.00288294
d,0.00106486
u,0.00329647
s,0.00143935
c,0.00203295
