{
  "outlier_n_sigma": 3.0,
  "chi2_stats": {
    "n_coalitions": 512,
    "mean": 0.03717269267818808,
    "std": 0.022242109835835994,
    "min": 0.0,
    "max": 0.10937944995177573,
    "median": 0.032267446289390045,
    "p95": 0.08112332769439724,
    "p99": 0.09460645263919178
  },
  "outlier_chi2_threshold": 0.10389902218569606,
  "n_outlier_coalitions": 1,
  "outlier_coalitions": [
    {
      "coalition": [
        0,
        2,
        4,
        5,
        7
      ],
      "coalition_labels": [
        "cbar",
        "ubar",
        "g",
        "d",
        "s"
      ],
      "size": 5,
      "chi2": 0.10937944995177573,
      "z_score": 3.2463987367443767
    }
  ],
  "per_player_marginals": {
    "cbar": {
      "n_marginals": 256,
      "mean": 0.005201464540684209,
      "std": 0.004938586377073607,
      "min": -0.006046186008171528,
      "max": 0.016469026478490578,
      "p05": -0.003034372997745116,
      "p95": 0.013441084958662197,
      "n_outliers_high": 0,
      "n_outliers_low": 0
    },
    "sbar": {
      "n_marginals": 256,
      "mean": 0.007543449197877717,
      "std": 0.008437559252427609,
      "min": -0.012146384515517195,
      "max": 0.027258856608851856,
      "p05": -0.006686153503105141,
      "p95": 0.02175134065403722,
      "n_outliers_high": 0,
      "n_outliers_low": 0
    },
    "ubar": {
      "n_marginals": 256,
      "mean": 0.02221553262749397,
      "std": 0.01573182674490139,
      "min": -0.013043852684527568,
      "max": 0.05750250043816485,
      "p05": -0.002824844636951429,
      "p95": 0.047252062193089306,
      "n_outliers_high": 0,
      "n_outliers_low": 0
    },
    "dbar": {
      "n_marginals": 256,
      "mean": 0.004212208285691594,
      "std": 0.011122646534296309,
      "min": -0.022437409429754585,
      "max": 0.030861564860889867,
      "p05": -0.014653584471852832,
      "p95": 0.0230797182223349,
      "n_outliers_high": 0,
      "n_outliers_low": 0
    },
    "g": {
      "n_marginals": 256,
      "mean": 0.008589850445845551,
      "std": 0.002600521955454697,
      "min": 0.0029481203522345734,
      "max": 0.01423815986024346,
      "p05": 0.004303794469037225,
      "p95": 0.012884116023805459,
      "n_outliers_high": 0,
      "n_outliers_low": 0
    },
    "d": {
      "n_marginals": 256,
      "mean": 0.024455912958415964,
      "std": 0.01712486306374807,
      "min": -0.0159523231781451,
      "max": 0.06488521184403462,
      "p05": -0.0029820830436123047,
      "p95": 0.051899835308170106,
      "n_outliers_high": 0,
      "n_outliers_low": 0
    },
    "u": {
      "n_marginals": 256,
      "mean": 0.008348643995383537,
      "std": 0.010398886055400207,
      "min": -0.016432549501007587,
      "max": 0.033127508289012564,
      "p05": -0.009072472881266058,
      "p95": 0.02576709106123426,
      "n_outliers_high": 0,
      "n_outliers_low": 0
    },
    "s": {
      "n_marginals": 256,
      "mean": 0.012246806951782117,
      "std": 0.009522805186730411,
      "min": -0.008091376043847465,
      "max": 0.03259569154228226,
      "p05": -0.003189106070008829,
      "p95": 0.027684230674671684,
      "n_outliers_high": 0,
      "n_outliers_low": 0
    },
    "c": {
      "n_marginals": 256,
      "mean": 0.0019433964841518454,
      "std": 0.003304927973863485,
      "min": -0.00605204992290842,
      "max": 0.009959580547686864,
      "p05": -0.0033171836285948997,
      "p95": 0.0072011290056189226,
      "n_outliers_high": 0,
      "n_outliers_low": 0
    }
  }
}