{
  "timestamp": "2026-05-14T10:16:32.947800",
  "results": {
    "results_by_basis": {
      "flavor": {
        "shapley_values": {
          "cbar": 0.005203897747880432,
          "sbar": 0.0075388755982787915,
          "ubar": 0.022216458073971514,
          "dbar": 0.0042120108899582984,
          "g": 0.008590947013543694,
          "d": 0.02445420037120828,
          "u": 0.008349793516137308,
          "s": 0.0122451777076754,
          "c": 0.0019421647480107863
        },
        "phi_even": {
          "cbar": 0.005203897747880432,
          "sbar": 0.0075388755982787915,
          "ubar": 0.022216458073971514,
          "dbar": 0.0042120108899582984,
          "g": 0.008590947013543694,
          "d": 0.02445420037120828,
          "u": 0.008349793516137308,
          "s": 0.0122451777076754,
          "c": 0.0019421647480107863
        },
        "phi_odd": {
          "cbar": 0.0009422750438930684,
          "sbar": 0.0008172060567511697,
          "ubar": 0.00365523610815726,
          "dbar": 0.00014510872666695208,
          "g": 0.001517805890656376,
          "d": 0.0023073688451760595,
          "u": 0.000499013978208785,
          "s": 0.0007472851137529225,
          "c": 0.0006382597782962101
        },
        "phi_odd_signed": {
          "cbar": 0.0009422750438930684,
          "sbar": 0.0008172060567511697,
          "ubar": 0.00365523610815726,
          "dbar": -0.00014510872666695208,
          "g": 0.001517805890656376,
          "d": 0.0023073688451760595,
          "u": 0.000499013978208785,
          "s": -0.0007472851137529225,
          "c": 0.0006382597782962101
        },
        "sign_sensitivity_abs": {
          "cbar": 0.0009422750438930684,
          "sbar": 0.0008172060567511697,
          "ubar": 0.00365523610815726,
          "dbar": 0.00014510872666695208,
          "g": 0.001517805890656376,
          "d": 0.0023073688451760595,
          "u": 0.000499013978208785,
          "s": 0.0007472851137529225,
          "c": 0.0006382597782962101
        },
        "shapley_values_per_replica": null,
        "phi_even_per_replica": null,
        "phi_odd_per_replica": null,
        "phi_odd_signed_per_replica": null,
        "shapley_values_per_sign_sample": null,
        "shapley_std": null,
        "std_even_rep": null,
        "shapley_err": null,
        "shapley_values_odd": {
          "cbar": 0.0009422750438930684,
          "sbar": 0.0008172060567511697,
          "ubar": 0.00365523610815726,
          "dbar": 0.00014510872666695208,
          "g": 0.001517805890656376,
          "d": 0.0023073688451760595,
          "u": 0.000499013978208785,
          "s": 0.0007472851137529225,
          "c": 0.0006382597782962101
        },
        "shapley_odd_std": null,
        "std_odd_rep": null,
        "shapley_odd_err": null,
        "shapley_sign_std": null,
        "shapley_sign_err": null,
        "per_replica": false,
        "random_sign": false,
        "member_mode": "central",
        "n_sign_samples": 1,
        "antithetic_sign": false,
        "deterministic_sign_symmetrized": true,
        "random_seed": null,
        "baseline_chi2": 1.1425467209619293,
        "validation_checks": {
          "completeness_even": {
            "max_abs_diff": 0.0,
            "tol": 1e-10,
            "pass": true
          },
          "completeness_odd": {
            "max_abs_diff": 0.0,
            "tol": 1e-10,
            "pass": true
          },
          "empty_even_zero": {
            "max_abs_diff": 0.0,
            "tol": 1e-10,
            "pass": true
          },
          "empty_odd_zero": {
            "max_abs_diff": 0.0,
            "tol": 1e-10,
            "pass": true
          },
          "chi2_symmetry_residual": 0.02152482330976402,
          "odd_zero_if_symmetric": {
            "phi_odd_max_abs": 0.00365523610815726,
            "tol": 1e-10,
            "pass": true
          },
          "even_vs_pm": {
            "max_abs_diff": 3.469446951953614e-17,
            "tol": 1e-10,
            "pass": true
          },
          "odd_vs_pm": {
            "max_abs_diff": 5.637851296924623e-18,
            "tol": 1e-10,
            "pass": true
          }
        },
        "coalitions_evaluated": 512,
        "theory_evaluations": 1023,
        "elapsed_seconds": 2217.4,
        "n_jobs": 16,
        "n_datasets_used": 82,
        "stabilization": {
          "enabled": true,
          "action": "exclude_dataset",
          "dataset_delta_chi2_threshold": 100000.0,
          "max_outlier_coalitions": 5,
          "stable_rerun_performed": false,
          "n_excluded_datasets": 0,
          "excluded_datasets": [],
          "report_json": "/home/dakshanshchawda/nnpdf/validphys2/src/validphys/shapley/sv_results/nnpdf40_physical/20260514_093633_physical_xscan_dense_evol/mu_28/stabilization_report_flavor.json"
        }
      }
    }
  },
  "metadata": {
    "runcard": "/home/dakshanshchawda/nnpdf/validphys2/src/validphys/shapley/runcards/nnpdf4.0_physical_dense.yaml",
    "pdf_name": "NNPDF40_nnlo_as_01180",
    "theory_id": 708,
    "n_datasets": 82,
    "n_replicas": 100,
    "perturbation": {
      "mu": 0.0150962236593,
      "sigma": 0.25,
      "amplitude": 1.0,
      "mode": "physical",
      "xspace": "logx",
      "per_replica": false,
      "random_sign": false,
      "member_mode": "central",
      "n_sign_samples": 1,
      "antithetic_sign": false,
      "deterministic_sign_symmetrized": true,
      "random_seed": null
    },
    "enforce_sumrules": false,
    "n_jobs": 16,
    "stabilization": {
      "enabled": true,
      "action": "exclude_dataset",
      "dataset_delta_chi2_threshold": 100000.0,
      "max_outlier_coalitions": 5,
      "rerun_stable": true
    }
  }
}