flavour,shapley_value
cbar,0.00094228
sbar,0.00081721
ubar,0.00365524
dbar,0.00014511
g,0.00151781
d,0.00230737
u,0.00049901
s,0.00074729
c,0.00063826
