flavour,shapley_value
cbar,0.00520390
sbar,0.00753888
ubar,0.02221646
dbar,0.00421201
g,0.00859095
d,0.02445420
u,0.00834979
s,0.01224518
c,0.00194216
