{
  "outlier_n_sigma": 3.0,
  "chi2_stats": {
    "n_coalitions": 512,
    "mean": 0.008111885802490067,
    "std": 0.004126749577995236,
    "min": 0.0,
    "max": 0.02103817959222165,
    "median": 0.007661763509934638,
    "p95": 0.01564672105552681,
    "p99": 0.018586930769962456
  },
  "outlier_chi2_threshold": 0.020492134536475776,
  "n_outlier_coalitions": 1,
  "outlier_coalitions": [
    {
      "coalition": [
        0,
        1,
        2,
        3,
        4,
        5,
        6,
        7,
        8
      ],
      "coalition_labels": [
        "cbar",
        "sbar",
        "ubar",
        "dbar",
        "g",
        "d",
        "u",
        "s",
        "c"
      ],
      "size": 9,
      "chi2": 0.02103817959222165,
      "z_score": 3.132318437410768
    }
  ],
  "per_player_marginals": {
    "cbar": {
      "n_marginals": 256,
      "mean": 0.0021227234137755034,
      "std": 0.0008662591831210014,
      "min": 4.146959720285892e-05,
      "max": 0.004204205865112387,
      "p05": 0.00068752355386964,
      "p95": 0.003558103698148296,
      "n_outliers_high": 0,
      "n_outliers_low": 0
    },
    "sbar": {
      "n_marginals": 256,
      "mean": 0.0021456117510386206,
      "std": 0.0016248791481869795,
      "min": -0.0011016801746377425,
      "max": 0.0053930306615184165,
      "p05": -0.0004248334789057062,
      "p95": 0.0047158630136359125,
      "n_outliers_high": 0,
      "n_outliers_low": 0
    },
    "ubar": {
      "n_marginals": 256,
      "mean": 0.0034163036103818066,
      "std": 0.0012063922197542059,
      "min": 0.00042610204140403063,
      "max": 0.006406453886103947,
      "p05": 0.001486628357193931,
      "p95": 0.005345937041187965,
      "n_outliers_high": 0,
      "n_outliers_low": 0
    },
    "dbar": {
      "n_marginals": 256,
      "mean": 0.0028881694613532346,
      "std": 0.0027664888073152135,
      "min": -0.0037055546175905896,
      "max": 0.009481206398552544,
      "p05": -0.0017128579158638413,
      "p95": 0.007489223866542272,
      "n_outliers_high": 0,
      "n_outliers_low": 0
    },
    "g": {
      "n_marginals": 256,
      "mean": 0.0011720420234155923,
      "std": 0.0002836146066689938,
      "min": 0.000535417419508466,
      "max": 0.0018085234576050713,
      "p05": 0.0006992698033989608,
      "p95": 0.001644822027079773,
      "n_outliers_high": 0,
      "n_outliers_low": 0
    },
    "d": {
      "n_marginals": 256,
      "mean": 0.0015414048000253408,
      "std": 0.002327071919633927,
      "min": -0.0031660860924076495,
      "max": 0.006249012356781103,
      "p05": -0.0022446530327477343,
      "p95": 0.005327534979246817,
      "n_outliers_high": 0,
      "n_outliers_low": 0
    },
    "u": {
      "n_marginals": 256,
      "mean": 0.004106338204651361,
      "std": 0.0013275299192117489,
      "min": 0.0011099925561930402,
      "max": 0.007102746526598702,
      "p05": 0.001939887454200817,
      "p95": 0.00627270210598907,
      "n_outliers_high": 0,
      "n_outliers_low": 0
    },
    "s": {
      "n_marginals": 256,
      "mean": 0.0016114758143997328,
      "std": 0.0017129327804239177,
      "min": -0.0019689565478557824,
      "max": 0.005192239620817496,
      "p05": -0.0012497888179776595,
      "p95": 0.004472569582907759,
      "n_outliers_high": 0,
      "n_outliers_low": 0
    },
    "c": {
      "n_marginals": 256,
      "mean": 0.0020338684837808065,
      "std": 0.0007836620346737987,
      "min": 0.0002636838458285329,
      "max": 0.0038042622560463535,
      "p05": 0.0007635359653876406,
      "p95": 0.0033042337259009402,
      "n_outliers_high": 0,
      "n_outliers_low": 0
    }
  }
}