{
  "timestamp": "2026-05-14T10:03:52.368890",
  "results": {
    "results_by_basis": {
      "flavor": {
        "shapley_values": {
          "cbar": 0.002122757385269344,
          "sbar": 0.0021456220712131073,
          "ubar": 0.003416317735980024,
          "dbar": 0.0028882339391465162,
          "g": 0.0011720582161538267,
          "d": 0.0015414506832348274,
          "u": 0.004106347913597665,
          "s": 0.0016114787365053228,
          "c": 0.002033912911121019
        },
        "phi_even": {
          "cbar": 0.002122757385269344,
          "sbar": 0.0021456220712131073,
          "ubar": 0.003416317735980024,
          "dbar": 0.0028882339391465162,
          "g": 0.0011720582161538267,
          "d": 0.0015414506832348274,
          "u": 0.004106347913597665,
          "s": 0.0016114787365053228,
          "c": 0.002033912911121019
        },
        "phi_odd": {
          "cbar": 0.0013852347038407148,
          "sbar": 0.00118329567866453,
          "ubar": 0.0021067669614027863,
          "dbar": 0.0015527639256354268,
          "g": 0.00033384251169435485,
          "d": 0.0005622406465438596,
          "u": 1.1058473105953158e-05,
          "s": 0.00046613092531632306,
          "c": 0.0010466394030505897
        },
        "phi_odd_signed": {
          "cbar": 0.0013852347038407148,
          "sbar": 0.00118329567866453,
          "ubar": 0.0021067669614027863,
          "dbar": 0.0015527639256354268,
          "g": -0.00033384251169435485,
          "d": 0.0005622406465438596,
          "u": 1.1058473105953158e-05,
          "s": 0.00046613092531632306,
          "c": 0.0010466394030505897
        },
        "sign_sensitivity_abs": {
          "cbar": 0.0013852347038407148,
          "sbar": 0.00118329567866453,
          "ubar": 0.0021067669614027863,
          "dbar": 0.0015527639256354268,
          "g": 0.00033384251169435485,
          "d": 0.0005622406465438596,
          "u": 1.1058473105953158e-05,
          "s": 0.00046613092531632306,
          "c": 0.0010466394030505897
        },
        "shapley_values_per_replica": null,
        "phi_even_per_replica": null,
        "phi_odd_per_replica": null,
        "phi_odd_signed_per_replica": null,
        "shapley_values_per_sign_sample": null,
        "shapley_std": null,
        "std_even_rep": null,
        "shapley_err": null,
        "shapley_values_odd": {
          "cbar": 0.0013852347038407148,
          "sbar": 0.00118329567866453,
          "ubar": 0.0021067669614027863,
          "dbar": 0.0015527639256354268,
          "g": 0.00033384251169435485,
          "d": 0.0005622406465438596,
          "u": 1.1058473105953158e-05,
          "s": 0.00046613092531632306,
          "c": 0.0010466394030505897
        },
        "shapley_odd_std": null,
        "std_odd_rep": null,
        "shapley_odd_err": null,
        "shapley_sign_std": null,
        "shapley_sign_err": null,
        "per_replica": false,
        "random_sign": false,
        "member_mode": "central",
        "n_sign_samples": 1,
        "antithetic_sign": false,
        "deterministic_sign_symmetrized": true,
        "random_seed": null,
        "baseline_chi2": 1.1425467209619293,
        "validation_checks": {
          "completeness_even": {
            "max_abs_diff": 0.0,
            "tol": 1e-10,
            "pass": true
          },
          "completeness_odd": {
            "max_abs_diff": 1.734723475976807e-18,
            "tol": 1e-10,
            "pass": true
          },
          "empty_even_zero": {
            "max_abs_diff": 0.0,
            "tol": 1e-10,
            "pass": true
          },
          "empty_odd_zero": {
            "max_abs_diff": 0.0,
            "tol": 1e-10,
            "pass": true
          },
          "chi2_symmetry_residual": 0.016604429630875384,
          "odd_zero_if_symmetric": {
            "phi_odd_max_abs": 0.0021067669614027863,
            "tol": 1e-10,
            "pass": true
          },
          "even_vs_pm": {
            "max_abs_diff": 2.688821387764051e-17,
            "tol": 1e-10,
            "pass": true
          },
          "odd_vs_pm": {
            "max_abs_diff": 1.3010426069826053e-18,
            "tol": 1e-10,
            "pass": true
          }
        },
        "coalitions_evaluated": 512,
        "theory_evaluations": 1023,
        "elapsed_seconds": 1546.9,
        "n_jobs": 16,
        "n_datasets_used": 82,
        "stabilization": {
          "enabled": true,
          "action": "exclude_dataset",
          "dataset_delta_chi2_threshold": 100000.0,
          "max_outlier_coalitions": 5,
          "stable_rerun_performed": false,
          "n_excluded_datasets": 0,
          "excluded_datasets": [],
          "report_json": "/home/dakshanshchawda/nnpdf/validphys2/src/validphys/shapley/sv_results/nnpdf40_physical/20260514_093633_physical_xscan_dense_evol/mu_21/stabilization_report_flavor.json"
        }
      }
    }
  },
  "metadata": {
    "runcard": "/home/dakshanshchawda/nnpdf/validphys2/src/validphys/shapley/runcards/nnpdf4.0_physical_dense.yaml",
    "pdf_name": "NNPDF40_nnlo_as_01180",
    "theory_id": 708,
    "n_datasets": 82,
    "n_replicas": 100,
    "perturbation": {
      "mu": 0.00411127506713,
      "sigma": 0.25,
      "amplitude": 1.0,
      "mode": "physical",
      "xspace": "logx",
      "per_replica": false,
      "random_sign": false,
      "member_mode": "central",
      "n_sign_samples": 1,
      "antithetic_sign": false,
      "deterministic_sign_symmetrized": true,
      "random_seed": null
    },
    "enforce_sumrules": false,
    "n_jobs": 16,
    "stabilization": {
      "enabled": true,
      "action": "exclude_dataset",
      "dataset_delta_chi2_threshold": 100000.0,
      "max_outlier_coalitions": 5,
      "rerun_stable": true
    }
  }
}