flavour,shapley_value
cbar,0.00212276
sbar,0.00214562
ubar,0.00341632
dbar,0.00288823
g,0.00117206
d,0.00154145
u,0.00410635
s,0.00161148
c,0.00203391
