flavour,shapley_value
cbar,0.00138523
sbar,0.00118330
ubar,0.00210677
dbar,0.00155276
g,0.00033384
d,0.00056224
u,0.00001106
s,0.00046613
c,0.00104664
