{
  "outlier_n_sigma": 3.0,
  "chi2_stats": {
    "n_coalitions": 512,
    "mean": 0.0171795506739135,
    "std": 0.009099229150201863,
    "min": 0.0,
    "max": 0.04154851231099266,
    "median": 0.016101488928530028,
    "p95": 0.03372399095541745,
    "p99": 0.039604396171192595
  },
  "outlier_chi2_threshold": 0.04447723812451909,
  "n_outlier_coalitions": 0,
  "outlier_coalitions": [],
  "per_player_marginals": {
    "cbar": {
      "n_marginals": 256,
      "mean": 0.0026828494158377654,
      "std": 0.0021457678856002496,
      "min": -0.0019414387630736218,
      "max": 0.007315384143252945,
      "p05": -0.001117154968472367,
      "p95": 0.006489532363068762,
      "n_outliers_high": 0,
      "n_outliers_low": 0
    },
    "sbar": {
      "n_marginals": 256,
      "mean": 0.004037854741345219,
      "std": 0.005675042119727858,
      "min": -0.008174804982427064,
      "max": 0.016257244618933298,
      "p05": -0.005427897204201726,
      "p95": 0.013513550543183706,
      "n_outliers_high": 0,
      "n_outliers_low": 0
    },
    "ubar": {
      "n_marginals": 256,
      "mean": 0.005921289087383493,
      "std": 0.004669460352847138,
      "min": -0.0037095117041996417,
      "max": 0.015556275304103862,
      "p05": -0.0018018668845648511,
      "p95": 0.013646988637155022,
      "n_outliers_high": 0,
      "n_outliers_low": 0
    },
    "dbar": {
      "n_marginals": 256,
      "mean": 0.0038859205215273787,
      "std": 0.009131653564483573,
      "min": -0.01725174656743622,
      "max": 0.025019781687754206,
      "p05": -0.010528490882680819,
      "p95": 0.01830730811574871,
      "n_outliers_high": 0,
      "n_outliers_low": 0
    },
    "g": {
      "n_marginals": 256,
      "mean": 0.0011628234544248392,
      "std": 0.0003860945284423202,
      "min": 0.0002998657934640825,
      "max": 0.002025021628786705,
      "p05": 0.0005173956545419522,
      "p95": 0.0018079571518660464,
      "n_outliers_high": 0,
      "n_outliers_low": 0
    },
    "d": {
      "n_marginals": 256,
      "mean": 0.006249669786149741,
      "std": 0.00920614951132572,
      "min": -0.015121627130487258,
      "max": 0.027624574020737036,
      "p05": -0.008778824292611231,
      "p95": 0.021285280867994694,
      "n_outliers_high": 0,
      "n_outliers_low": 0
    },
    "u": {
      "n_marginals": 256,
      "mean": 0.007236700175770561,
      "std": 0.004798304276636246,
      "min": -0.002677900761220542,
      "max": 0.0171531769369504,
      "p05": -0.0007407148511269779,
      "p95": 0.015216135128945985,
      "n_outliers_high": 0,
      "n_outliers_low": 0
    },
    "s": {
      "n_marginals": 256,
      "mean": 0.003864828155079182,
      "std": 0.005914747627371735,
      "min": -0.008647387624818315,
      "max": 0.01638473181974298,
      "p05": -0.005748686150604532,
      "p95": 0.013486313927551508,
      "n_outliers_high": 0,
      "n_outliers_low": 0
    },
    "c": {
      "n_marginals": 256,
      "mean": 0.002415043588489982,
      "std": 0.0017403473210421657,
      "min": -0.0013232357662880112,
      "max": 0.006163367781682139,
      "p05": -0.0006317136771332166,
      "p95": 0.005470075134039409,
      "n_outliers_high": 0,
      "n_outliers_low": 0
    }
  }
}