{
  "timestamp": "2026-05-14T10:10:19.936014",
  "results": {
    "results_by_basis": {
      "flavor": {
        "shapley_values": {
          "cbar": 0.00268256786404764,
          "sbar": 0.004037628383342409,
          "ubar": 0.005921120024325785,
          "dbar": 0.003886647681638642,
          "g": 0.0011628712619413128,
          "d": 0.006249465879097473,
          "u": 0.007237179600003047,
          "s": 0.003864121406882001,
          "c": 0.0024150165539615436
        },
        "phi_even": {
          "cbar": 0.00268256786404764,
          "sbar": 0.004037628383342409,
          "ubar": 0.005921120024325785,
          "dbar": 0.003886647681638642,
          "g": 0.0011628712619413128,
          "d": 0.006249465879097473,
          "u": 0.007237179600003047,
          "s": 0.003864121406882001,
          "c": 0.0024150165539615436
        },
        "phi_odd": {
          "cbar": 0.0011403207578004602,
          "sbar": 0.0025336015391782887,
          "ubar": 0.0018532212248071418,
          "dbar": 0.0035285656244048577,
          "g": 0.000669471921083725,
          "d": 0.00011624527332699211,
          "u": 0.0010047926900717543,
          "s": 0.00043163360470994846,
          "c": 0.0012958881532192622
        },
        "phi_odd_signed": {
          "cbar": 0.0011403207578004602,
          "sbar": 0.0025336015391782887,
          "ubar": 0.0018532212248071418,
          "dbar": 0.0035285656244048577,
          "g": 0.000669471921083725,
          "d": 0.00011624527332699211,
          "u": 0.0010047926900717543,
          "s": -0.00043163360470994846,
          "c": 0.0012958881532192622
        },
        "sign_sensitivity_abs": {
          "cbar": 0.0011403207578004602,
          "sbar": 0.0025336015391782887,
          "ubar": 0.0018532212248071418,
          "dbar": 0.0035285656244048577,
          "g": 0.000669471921083725,
          "d": 0.00011624527332699211,
          "u": 0.0010047926900717543,
          "s": 0.00043163360470994846,
          "c": 0.0012958881532192622
        },
        "shapley_values_per_replica": null,
        "phi_even_per_replica": null,
        "phi_odd_per_replica": null,
        "phi_odd_signed_per_replica": null,
        "shapley_values_per_sign_sample": null,
        "shapley_std": null,
        "std_even_rep": null,
        "shapley_err": null,
        "shapley_values_odd": {
          "cbar": 0.0011403207578004602,
          "sbar": 0.0025336015391782887,
          "ubar": 0.0018532212248071418,
          "dbar": 0.0035285656244048577,
          "g": 0.000669471921083725,
          "d": 0.00011624527332699211,
          "u": 0.0010047926900717543,
          "s": 0.00043163360470994846,
          "c": 0.0012958881532192622
        },
        "shapley_odd_std": null,
        "std_odd_rep": null,
        "shapley_odd_err": null,
        "shapley_sign_std": null,
        "shapley_sign_err": null,
        "per_replica": false,
        "random_sign": false,
        "member_mode": "central",
        "n_sign_samples": 1,
        "antithetic_sign": false,
        "deterministic_sign_symmetrized": true,
        "random_seed": null,
        "baseline_chi2": 1.1425467209619293,
        "validation_checks": {
          "completeness_even": {
            "max_abs_diff": 6.938893903907228e-18,
            "tol": 1e-10,
            "pass": true
          },
          "completeness_odd": {
            "max_abs_diff": 0.0,
            "tol": 1e-10,
            "pass": true
          },
          "empty_even_zero": {
            "max_abs_diff": 0.0,
            "tol": 1e-10,
            "pass": true
          },
          "empty_odd_zero": {
            "max_abs_diff": 0.0,
            "tol": 1e-10,
            "pass": true
          },
          "chi2_symmetry_residual": 0.02474789545364864,
          "odd_zero_if_symmetric": {
            "phi_odd_max_abs": 0.0035285656244048577,
            "tol": 1e-10,
            "pass": true
          },
          "even_vs_pm": {
            "max_abs_diff": 3.252606517456513e-17,
            "tol": 1e-10,
            "pass": true
          },
          "odd_vs_pm": {
            "max_abs_diff": 3.2526065174565133e-18,
            "tol": 1e-10,
            "pass": true
          }
        },
        "coalitions_evaluated": 512,
        "theory_evaluations": 1023,
        "elapsed_seconds": 1911.5,
        "n_jobs": 16,
        "n_datasets_used": 82,
        "stabilization": {
          "enabled": true,
          "action": "exclude_dataset",
          "dataset_delta_chi2_threshold": 100000.0,
          "max_outlier_coalitions": 5,
          "stable_rerun_performed": false,
          "n_excluded_datasets": 0,
          "excluded_datasets": [],
          "report_json": "/home/dakshanshchawda/nnpdf/validphys2/src/validphys/shapley/sv_results/nnpdf40_physical/20260514_093633_physical_xscan_dense_evol/mu_24/stabilization_report_flavor.json"
        }
      }
    }
  },
  "metadata": {
    "runcard": "/home/dakshanshchawda/nnpdf/validphys2/src/validphys/shapley/runcards/nnpdf4.0_physical_dense.yaml",
    "pdf_name": "NNPDF40_nnlo_as_01180",
    "theory_id": 708,
    "n_datasets": 82,
    "n_replicas": 100,
    "perturbation": {
      "mu": 0.00717914978722,
      "sigma": 0.25,
      "amplitude": 1.0,
      "mode": "physical",
      "xspace": "logx",
      "per_replica": false,
      "random_sign": false,
      "member_mode": "central",
      "n_sign_samples": 1,
      "antithetic_sign": false,
      "deterministic_sign_symmetrized": true,
      "random_seed": null
    },
    "enforce_sumrules": false,
    "n_jobs": 16,
    "stabilization": {
      "enabled": true,
      "action": "exclude_dataset",
      "dataset_delta_chi2_threshold": 100000.0,
      "max_outlier_coalitions": 5,
      "rerun_stable": true
    }
  }
}