flavour,shapley_value
cbar,0.00268257
sbar,0.00403763
ubar,0.00592112
dbar,0.00388665
g,0.00116287
d,0.00624947
u,0.00723718
s,0.00386412
c,0.00241502
