flavour,shapley_value
cbar,0.00114032
sbar,0.00253360
ubar,0.00185322
dbar,0.00352857
g,0.00066947
d,0.00011625
u,0.00100479
s,0.00043163
c,0.00129589
