{
  "outlier_n_sigma": 3.0,
  "chi2_stats": {
    "n_coalitions": 512,
    "mean": 0.02822837069081982,
    "std": 0.015965003451116164,
    "min": 0.0,
    "max": 0.07809130542250897,
    "median": 0.025619511896012304,
    "p95": 0.0584708597688181,
    "p99": 0.06626864614907539
  },
  "outlier_chi2_threshold": 0.07612338104416831,
  "n_outlier_coalitions": 1,
  "outlier_coalitions": [
    {
      "coalition": [
        0,
        2,
        4,
        5,
        7
      ],
      "coalition_labels": [
        "cbar",
        "ubar",
        "g",
        "d",
        "s"
      ],
      "size": 5,
      "chi2": 0.07809130542250897,
      "z_score": 3.1232648890033956
    }
  ],
  "per_player_marginals": {
    "cbar": {
      "n_marginals": 256,
      "mean": 0.003744027891135279,
      "std": 0.0038489332118879062,
      "min": -0.004764479427295409,
      "max": 0.012274359144520464,
      "p05": -0.0023889890113520384,
      "p95": 0.009874444265030757,
      "n_outliers_high": 0,
      "n_outliers_low": 0
    },
    "sbar": {
      "n_marginals": 256,
      "mean": 0.006758598899631797,
      "std": 0.00874571685618322,
      "min": -0.012891277356310793,
      "max": 0.026427331307503632,
      "p05": -0.008365470095538285,
      "p95": 0.021898049155098465,
      "n_outliers_high": 0,
      "n_outliers_low": 0
    },
    "ubar": {
      "n_marginals": 256,
      "mean": 0.012398510712721182,
      "std": 0.010872590140716511,
      "min": -0.010945427867654178,
      "max": 0.035762159005267025,
      "p05": -0.005855206012412739,
      "p95": 0.030657340513679743,
      "n_outliers_high": 0,
      "n_outliers_low": 0
    },
    "dbar": {
      "n_marginals": 256,
      "mean": 0.005000723167550484,
      "std": 0.012502962922977062,
      "min": -0.02459652646700272,
      "max": 0.03458851514034711,
      "p05": -0.015453084075289392,
      "p95": 0.02545366060948112,
      "n_outliers_high": 0,
      "n_outliers_low": 0
    },
    "g": {
      "n_marginals": 256,
      "mean": 0.0027581384462909333,
      "std": 0.00039299265597748245,
      "min": 0.0018769497531243573,
      "max": 0.0036460058207476997,
      "p05": 0.0021222715075415177,
      "p95": 0.0033963167690406193,
      "n_outliers_high": 0,
      "n_outliers_low": 0
    },
    "d": {
      "n_marginals": 256,
      "mean": 0.015366328729870963,
      "std": 0.014817152360945272,
      "min": -0.020154127298865898,
      "max": 0.05090854019064661,
      "p05": -0.009132114130505464,
      "p95": 0.03986815201165894,
      "n_outliers_high": 0,
      "n_outliers_low": 0
    },
    "u": {
      "n_marginals": 256,
      "mean": 0.009553178813153408,
      "std": 0.009270765391698934,
      "min": -0.011044290852963545,
      "max": 0.03015217214180055,
      "p05": -0.0067347511469798005,
      "p95": 0.02583729058650469,
      "n_outliers_high": 0,
      "n_outliers_low": 0
    },
    "s": {
      "n_marginals": 256,
      "mean": 0.007983608765296885,
      "std": 0.008566061837697312,
      "min": -0.01032622134584571,
      "max": 0.02631112724679152,
      "p05": -0.006332900456125612,
      "p95": 0.022313818398610685,
      "n_outliers_high": 0,
      "n_outliers_low": 0
    },
    "c": {
      "n_marginals": 256,
      "mean": 0.002428519126442638,
      "std": 0.002840880100822259,
      "min": -0.004086480433694195,
      "max": 0.00896650745442118,
      "p05": -0.0021927508135882734,
      "p95": 0.007062904155763661,
      "n_outliers_high": 0,
      "n_outliers_low": 0
    }
  }
}