{
  "timestamp": "2026-05-14T10:12:35.905299",
  "results": {
    "results_by_basis": {
      "flavor": {
        "shapley_values": {
          "cbar": 0.0037451689377366207,
          "sbar": 0.0067554776507258675,
          "ubar": 0.012397780169327362,
          "dbar": 0.005000652646162127,
          "g": 0.00275869981742599,
          "d": 0.015364498490550185,
          "u": 0.009553654557676112,
          "s": 0.007981973817135526,
          "c": 0.0024278552234006648
        },
        "phi_even": {
          "cbar": 0.0037451689377366207,
          "sbar": 0.0067554776507258675,
          "ubar": 0.012397780169327362,
          "dbar": 0.005000652646162127,
          "g": 0.00275869981742599,
          "d": 0.015364498490550185,
          "u": 0.009553654557676112,
          "s": 0.007981973817135526,
          "c": 0.0024278552234006648
        },
        "phi_odd": {
          "cbar": 0.0011260317467057734,
          "sbar": 0.001473574977742442,
          "ubar": 0.0025479963783701484,
          "dbar": 0.0017637102411286066,
          "g": 0.0010903699936026157,
          "d": 0.0014318270265507053,
          "u": 0.000925285355533239,
          "s": 0.0008235351726879357,
          "c": 0.0010887675584341722
        },
        "phi_odd_signed": {
          "cbar": 0.0011260317467057734,
          "sbar": 0.001473574977742442,
          "ubar": 0.0025479963783701484,
          "dbar": 0.0017637102411286066,
          "g": 0.0010903699936026157,
          "d": 0.0014318270265507053,
          "u": 0.000925285355533239,
          "s": -0.0008235351726879357,
          "c": 0.0010887675584341722
        },
        "sign_sensitivity_abs": {
          "cbar": 0.0011260317467057734,
          "sbar": 0.001473574977742442,
          "ubar": 0.0025479963783701484,
          "dbar": 0.0017637102411286066,
          "g": 0.0010903699936026157,
          "d": 0.0014318270265507053,
          "u": 0.000925285355533239,
          "s": 0.0008235351726879357,
          "c": 0.0010887675584341722
        },
        "shapley_values_per_replica": null,
        "phi_even_per_replica": null,
        "phi_odd_per_replica": null,
        "phi_odd_signed_per_replica": null,
        "shapley_values_per_sign_sample": null,
        "shapley_std": null,
        "std_even_rep": null,
        "shapley_err": null,
        "shapley_values_odd": {
          "cbar": 0.0011260317467057734,
          "sbar": 0.001473574977742442,
          "ubar": 0.0025479963783701484,
          "dbar": 0.0017637102411286066,
          "g": 0.0010903699936026157,
          "d": 0.0014318270265507053,
          "u": 0.000925285355533239,
          "s": 0.0008235351726879357,
          "c": 0.0010887675584341722
        },
        "shapley_odd_std": null,
        "std_odd_rep": null,
        "shapley_odd_err": null,
        "shapley_sign_std": null,
        "shapley_sign_err": null,
        "per_replica": false,
        "random_sign": false,
        "member_mode": "central",
        "n_sign_samples": 1,
        "antithetic_sign": false,
        "deterministic_sign_symmetrized": true,
        "random_seed": null,
        "baseline_chi2": 1.142546720961927,
        "validation_checks": {
          "completeness_even": {
            "max_abs_diff": 1.3877787807814457e-17,
            "tol": 1e-10,
            "pass": true
          },
          "completeness_odd": {
            "max_abs_diff": 0.0,
            "tol": 1e-10,
            "pass": true
          },
          "empty_even_zero": {
            "max_abs_diff": 0.0,
            "tol": 1e-10,
            "pass": true
          },
          "empty_odd_zero": {
            "max_abs_diff": 0.0,
            "tol": 1e-10,
            "pass": true
          },
          "chi2_symmetry_residual": 0.022807712564750116,
          "odd_zero_if_symmetric": {
            "phi_odd_max_abs": 0.0025479963783701484,
            "tol": 1e-10,
            "pass": true
          },
          "even_vs_pm": {
            "max_abs_diff": 2.7755575615628914e-17,
            "tol": 1e-10,
            "pass": true
          },
          "odd_vs_pm": {
            "max_abs_diff": 2.8189256484623115e-18,
            "tol": 1e-10,
            "pass": true
          }
        },
        "coalitions_evaluated": 512,
        "theory_evaluations": 1023,
        "elapsed_seconds": 2036.6,
        "n_jobs": 16,
        "n_datasets_used": 82,
        "stabilization": {
          "enabled": true,
          "action": "exclude_dataset",
          "dataset_delta_chi2_threshold": 100000.0,
          "max_outlier_coalitions": 5,
          "stable_rerun_performed": false,
          "n_excluded_datasets": 0,
          "excluded_datasets": [],
          "report_json": "/home/dakshanshchawda/nnpdf/validphys2/src/validphys/shapley/sv_results/nnpdf40_physical/20260514_093633_physical_xscan_dense_evol/mu_26/stabilization_report_flavor.json"
        }
      }
    }
  },
  "metadata": {
    "runcard": "/home/dakshanshchawda/nnpdf/validphys2/src/validphys/shapley/runcards/nnpdf4.0_physical_dense.yaml",
    "pdf_name": "NNPDF40_nnlo_as_01180",
    "theory_id": 708,
    "n_datasets": 82,
    "n_replicas": 100,
    "perturbation": {
      "mu": 0.0104104779367,
      "sigma": 0.25,
      "amplitude": 1.0,
      "mode": "physical",
      "xspace": "logx",
      "per_replica": false,
      "random_sign": false,
      "member_mode": "central",
      "n_sign_samples": 1,
      "antithetic_sign": false,
      "deterministic_sign_symmetrized": true,
      "random_seed": null
    },
    "enforce_sumrules": false,
    "n_jobs": 16,
    "stabilization": {
      "enabled": true,
      "action": "exclude_dataset",
      "dataset_delta_chi2_threshold": 100000.0,
      "max_outlier_coalitions": 5,
      "rerun_stable": true
    }
  }
}