flavour,shapley_value
cbar,0.00112603
sbar,0.00147357
ubar,0.00254800
dbar,0.00176371
g,0.00109037
d,0.00143183
u,0.00092529
s,0.00082354
c,0.00108877
