flavour,shapley_value
cbar,0.00374517
sbar,0.00675548
ubar,0.01239778
dbar,0.00500065
g,0.00275870
d,0.01536450
u,0.00955365
s,0.00798197
c,0.00242786
