{
  "outlier_n_sigma": 3.0,
  "chi2_stats": {
    "n_coalitions": 512,
    "mean": -8.40407003413245e-05,
    "std": 0.00026822137806455863,
    "min": -0.0004680337091713671,
    "max": 0.0002876750385392146,
    "median": -7.726325809886969e-05,
    "p95": 0.00028672195634829036,
    "p99": 0.0002873082409889238
  },
  "outlier_chi2_threshold": 0.0007206234338523514,
  "n_outlier_coalitions": 0,
  "outlier_coalitions": [],
  "per_player_marginals": {
    "cbar": {
      "n_marginals": 256,
      "mean": -4.240745039863977e-06,
      "std": 4.1999158680636805e-06,
      "min": -8.987066222099216e-06,
      "max": 5.06889072271477e-07,
      "p05": -8.984718207039055e-06,
      "p95": 5.045443164930496e-07,
      "n_outliers_high": 0,
      "n_outliers_low": 0
    },
    "sbar": {
      "n_marginals": 256,
      "mean": -1.7965989607139285e-05,
      "std": 0.00030586370946807144,
      "min": -0.0003269669760386229,
      "max": 0.0002910333266368248,
      "p05": -0.0003264294902012299,
      "p95": 0.00029050012682424464,
      "n_outliers_high": 0,
      "n_outliers_low": 0
    },
    "ubar": {
      "n_marginals": 256,
      "mean": -2.558512146606101e-06,
      "std": 2.171982723586465e-06,
      "min": -4.968978358554921e-06,
      "max": -1.4588114805036412e-07,
      "p05": -4.9676774228624154e-06,
      "p95": -1.4718161489568615e-07,
      "n_outliers_high": 0,
      "n_outliers_low": 0
    },
    "dbar": {
      "n_marginals": 256,
      "mean": -4.072884911276997e-10,
      "std": 2.982918454219232e-08,
      "min": -4.243754792021548e-08,
      "max": 4.1655017435360264e-08,
      "p05": -4.236203571261754e-08,
      "p95": 4.157946537075574e-08,
      "n_outliers_high": 0,
      "n_outliers_low": 0
    },
    "g": {
      "n_marginals": 256,
      "mean": 5.089894805441336e-07,
      "std": 3.9976168435067305e-09,
      "min": 5.047101345745375e-07,
      "max": 5.132823948095222e-07,
      "p05": 5.0473707557952e-07,
      "p95": 5.13255436651594e-07,
      "n_outliers_high": 0,
      "n_outliers_low": 0
    },
    "d": {
      "n_marginals": 256,
      "mean": 1.8362493041726435e-08,
      "std": 6.091306586613105e-08,
      "min": -5.352481191600589e-08,
      "max": 9.028225056439965e-08,
      "p05": -5.3416461531785586e-08,
      "p95": 9.017380042664058e-08,
      "n_outliers_high": 0,
      "n_outliers_low": 0
    },
    "u": {
      "n_marginals": 256,
      "mean": -7.667441276493908e-07,
      "std": 8.474923196397794e-07,
      "min": -1.9323641935464764e-06,
      "max": 3.997685498191572e-07,
      "p05": -1.9311464058424654e-06,
      "p95": 3.9855029831947775e-07,
      "n_outliers_high": 0,
      "n_outliers_low": 0
    },
    "s": {
      "n_marginals": 256,
      "mean": -0.00044027532280099986,
      "std": 0.0003058958613813131,
      "min": -0.0007538911328728304,
      "max": -0.00012665787083609992,
      "p05": -0.0007529047654418752,
      "p95": -0.0001276424974117618,
      "n_outliers_high": 0,
      "n_outliers_low": 0
    },
    "c": {
      "n_marginals": 256,
      "mean": -2.166454121819636e-06,
      "std": 1.8110787141209648e-06,
      "min": -4.655957204446892e-06,
      "max": 3.239795725029637e-07,
      "p05": -4.653609512683676e-06,
      "p95": 3.216350802359713e-07,
      "n_outliers_high": 0,
      "n_outliers_low": 0
    }
  }
}