{
  "timestamp": "2026-05-14T10:13:32.032779",
  "results": {
    "results_by_basis": {
      "flavor": {
        "shapley_values": {
          "cbar": -4.240965794428005e-06,
          "sbar": -1.7966882804656034e-05,
          "ubar": -2.5588742717233057e-06,
          "dbar": -4.1267437183516937e-10,
          "g": 5.089917357236477e-07,
          "d": 1.8357055164665314e-08,
          "u": -7.668937458660441e-07,
          "s": -0.0004402762163197785,
          "c": -2.166611366510774e-06
        },
        "phi_even": {
          "cbar": -4.240965794428005e-06,
          "sbar": -1.7966882804656034e-05,
          "ubar": -2.5588742717233057e-06,
          "dbar": -4.1267437183516937e-10,
          "g": 5.089917357236477e-07,
          "d": 1.8357055164665314e-08,
          "u": -7.668937458660441e-07,
          "s": -0.0004402762163197785,
          "c": -2.166611366510774e-06
        },
        "phi_odd": {
          "cbar": 4.34479103622083e-06,
          "sbar": 1.797805776320675e-05,
          "ubar": 2.6825377758902368e-06,
          "dbar": 7.930457507354657e-09,
          "g": 5.086664602866832e-07,
          "d": 3.775354221495563e-08,
          "u": 7.964418977182828e-07,
          "s": 0.00044032619830272786,
          "c": 2.2037234099981333e-06
        },
        "phi_odd_signed": {
          "cbar": 4.34479103622083e-06,
          "sbar": 1.797805776320675e-05,
          "ubar": 2.6825377758902368e-06,
          "dbar": 7.930457507354657e-09,
          "g": 5.086664602866832e-07,
          "d": 3.775354221495563e-08,
          "u": 7.964418977182828e-07,
          "s": 0.00044032619830272786,
          "c": 2.2037234099981333e-06
        },
        "sign_sensitivity_abs": {
          "cbar": 4.34479103622083e-06,
          "sbar": 1.797805776320675e-05,
          "ubar": 2.6825377758902368e-06,
          "dbar": 7.930457507354657e-09,
          "g": 5.086664602866832e-07,
          "d": 3.775354221495563e-08,
          "u": 7.964418977182828e-07,
          "s": 0.00044032619830272786,
          "c": 2.2037234099981333e-06
        },
        "shapley_values_per_replica": null,
        "phi_even_per_replica": null,
        "phi_odd_per_replica": null,
        "phi_odd_signed_per_replica": null,
        "shapley_values_per_sign_sample": null,
        "shapley_std": null,
        "std_even_rep": null,
        "shapley_err": null,
        "shapley_values_odd": {
          "cbar": 4.34479103622083e-06,
          "sbar": 1.797805776320675e-05,
          "ubar": 2.6825377758902368e-06,
          "dbar": 7.930457507354657e-09,
          "g": 5.086664602866832e-07,
          "d": 3.775354221495563e-08,
          "u": 7.964418977182828e-07,
          "s": 0.00044032619830272786,
          "c": 2.2037234099981333e-06
        },
        "shapley_odd_std": null,
        "std_odd_rep": null,
        "shapley_odd_err": null,
        "shapley_sign_std": null,
        "shapley_sign_err": null,
        "per_replica": false,
        "random_sign": false,
        "member_mode": "central",
        "n_sign_samples": 1,
        "antithetic_sign": false,
        "deterministic_sign_symmetrized": true,
        "random_seed": null,
        "baseline_chi2": 1.1425467209619293,
        "validation_checks": {
          "completeness_even": {
            "max_abs_diff": 1.0842021724855044e-19,
            "tol": 1e-10,
            "pass": true
          },
          "completeness_odd": {
            "max_abs_diff": 1.0842021724855044e-19,
            "tol": 1e-10,
            "pass": true
          },
          "empty_even_zero": {
            "max_abs_diff": 0.0,
            "tol": 1e-10,
            "pass": true
          },
          "empty_odd_zero": {
            "max_abs_diff": 0.0,
            "tol": 1e-10,
            "pass": true
          },
          "chi2_symmetry_residual": 0.0009377925721691938,
          "odd_zero_if_symmetric": {
            "phi_odd_max_abs": 0.00044032619830272786,
            "tol": 1e-10,
            "pass": true
          },
          "even_vs_pm": {
            "max_abs_diff": 4.031209790484507e-17,
            "tol": 1e-10,
            "pass": true
          },
          "odd_vs_pm": {
            "max_abs_diff": 5.421010862427522e-20,
            "tol": 1e-10,
            "pass": true
          }
        },
        "coalitions_evaluated": 512,
        "theory_evaluations": 1023,
        "elapsed_seconds": 2104.8,
        "n_jobs": 16,
        "n_datasets_used": 82,
        "stabilization": {
          "enabled": true,
          "action": "exclude_dataset",
          "dataset_delta_chi2_threshold": 100000.0,
          "max_outlier_coalitions": 5,
          "stable_rerun_performed": false,
          "n_excluded_datasets": 0,
          "excluded_datasets": [],
          "report_json": "/home/dakshanshchawda/nnpdf/validphys2/src/validphys/shapley/sv_results/nnpdf40_physical/20260514_093633_physical_xscan_dense_evol/mu_39/stabilization_report_flavor.json"
        }
      }
    }
  },
  "metadata": {
    "runcard": "/home/dakshanshchawda/nnpdf/validphys2/src/validphys/shapley/runcards/nnpdf4.0_physical_dense.yaml",
    "pdf_name": "NNPDF40_nnlo_as_01180",
    "theory_id": 708,
    "n_datasets": 82,
    "n_replicas": 100,
    "perturbation": {
      "mu": 0.11656157726,
      "sigma": 0.25,
      "amplitude": 1.0,
      "mode": "physical",
      "xspace": "logx",
      "per_replica": false,
      "random_sign": false,
      "member_mode": "central",
      "n_sign_samples": 1,
      "antithetic_sign": false,
      "deterministic_sign_symmetrized": true,
      "random_seed": null
    },
    "enforce_sumrules": false,
    "n_jobs": 16,
    "stabilization": {
      "enabled": true,
      "action": "exclude_dataset",
      "dataset_delta_chi2_threshold": 100000.0,
      "max_outlier_coalitions": 5,
      "rerun_stable": true
    }
  }
}