flavour,shapley_value
cbar,0.00000434
sbar,0.00001798
ubar,0.00000268
dbar,0.00000001
g,0.00000051
d,0.00000004
u,0.00000080
s,0.00044033
c,0.00000220
