flavour,shapley_value
cbar,-0.00000424
sbar,-0.00001797
ubar,-0.00000256
dbar,-0.00000000
g,0.00000051
d,0.00000002
u,-0.00000077
s,-0.00044028
c,-0.00000217
