{
  "outlier_n_sigma": 3.0,
  "chi2_stats": {
    "n_coalitions": 512,
    "mean": 0.028169271330751422,
    "std": 0.0163125306658642,
    "min": 0.0,
    "max": 0.0817198632938918,
    "median": 0.02495881463729177,
    "p95": 0.059580513365179937,
    "p99": 0.07086246480741175
  },
  "outlier_chi2_threshold": 0.07710686332834402,
  "n_outlier_coalitions": 1,
  "outlier_coalitions": [
    {
      "coalition": [
        0,
        2,
        4,
        5,
        7
      ],
      "coalition_labels": [
        "cbar",
        "ubar",
        "g",
        "d",
        "s"
      ],
      "size": 5,
      "chi2": 0.0817198632938918,
      "z_score": 3.2827887383041676
    }
  ],
  "per_player_marginals": {
    "cbar": {
      "n_marginals": 256,
      "mean": 0.004298467264353835,
      "std": 0.004253995435803537,
      "min": -0.005643146410094557,
      "max": 0.01425988469371875,
      "p05": -0.002737443356767344,
      "p95": 0.011331298119095945,
      "n_outliers_high": 0,
      "n_outliers_low": 0
    },
    "sbar": {
      "n_marginals": 256,
      "mean": 0.0064816440750412865,
      "std": 0.006461094100185414,
      "min": -0.008680957440298842,
      "max": 0.021666327925963014,
      "p05": -0.004219877000705807,
      "p95": 0.01716505474357316,
      "n_outliers_high": 0,
      "n_outliers_low": 0
    },
    "ubar": {
      "n_marginals": 256,
      "mean": 0.01589912811085941,
      "std": 0.011496435485021533,
      "min": -0.0112680789081252,
      "max": 0.04309251084373278,
      "p05": -0.0027555719473956186,
      "p95": 0.03457309531560171,
      "n_outliers_high": 0,
      "n_outliers_low": 0
    },
    "dbar": {
      "n_marginals": 256,
      "mean": 0.004583706419370784,
      "std": 0.008995943196878476,
      "min": -0.017463911040554336,
      "max": 0.02663816528677798,
      "p05": -0.01039346787659412,
      "p95": 0.019559887741766147,
      "n_outliers_high": 0,
      "n_outliers_low": 0
    },
    "g": {
      "n_marginals": 256,
      "mean": 0.007058493421104752,
      "std": 0.00234688311909045,
      "min": 0.0018120964713062016,
      "max": 0.012313980910091615,
      "p05": 0.0031617054463725647,
      "p95": 0.010962236720167662,
      "n_outliers_high": 0,
      "n_outliers_low": 0
    },
    "d": {
      "n_marginals": 256,
      "mean": 0.01672523005707832,
      "std": 0.012006078863840568,
      "min": -0.0121828037457552,
      "max": 0.04565474890127241,
      "p05": -0.0026438062656629624,
      "p95": 0.0361028108580857,
      "n_outliers_high": 0,
      "n_outliers_low": 0
    },
    "u": {
      "n_marginals": 256,
      "mean": 0.006095104299510891,
      "std": 0.007608174256567993,
      "min": -0.012330729169062415,
      "max": 0.02453153472666214,
      "p05": -0.006446236986330511,
      "p95": 0.018647945692807866,
      "n_outliers_high": 0,
      "n_outliers_low": 0
    },
    "s": {
      "n_marginals": 256,
      "mean": 0.009490603128643856,
      "std": 0.007152008498077188,
      "min": -0.006230892253288545,
      "max": 0.025227864883242024,
      "p05": -0.002129452000365406,
      "p95": 0.02109730818313521,
      "n_outliers_high": 0,
      "n_outliers_low": 0
    },
    "c": {
      "n_marginals": 256,
      "mean": 0.001827923591750688,
      "std": 0.002891854147843376,
      "min": -0.005237834086758042,
      "max": 0.008914560830288076,
      "p05": -0.002798045083375278,
      "p95": 0.006464294689597361,
      "n_outliers_high": 0,
      "n_outliers_low": 0
    }
  }
}