flavour,shapley_value
cbar,0.00429955
sbar,0.00648343
ubar,0.01589959
dbar,0.00458507
g,0.00706001
d,0.01672509
u,0.00609642
s,0.00949301
c,0.00182766
