flavour,shapley_value
cbar,0.00063016
sbar,0.00189630
ubar,0.00248344
dbar,0.00053031
g,0.00095223
d,0.00269674
u,0.00175187
s,0.00052216
c,0.00077394
