{
  "outlier_n_sigma": 3.0,
  "chi2_stats": {
    "n_coalitions": 512,
    "mean": 0.00532346351157183,
    "std": 0.0028970688108660592,
    "min": 0.0,
    "max": 0.015433545819089067,
    "median": 0.005132604554121345,
    "p95": 0.01052902467811635,
    "p99": 0.01270964574325052
  },
  "outlier_chi2_threshold": 0.014014669944170006,
  "n_outlier_coalitions": 2,
  "outlier_coalitions": [
    {
      "coalition": [
        0,
        1,
        2,
        3,
        4,
        5,
        6,
        7,
        8
      ],
      "coalition_labels": [
        "cbar",
        "sbar",
        "ubar",
        "dbar",
        "g",
        "d",
        "u",
        "s",
        "c"
      ],
      "size": 9,
      "chi2": 0.015433545819089067,
      "z_score": 3.489762572983172
    },
    {
      "coalition": [
        0,
        1,
        2,
        3,
        4,
        6,
        7,
        8
      ],
      "coalition_labels": [
        "cbar",
        "sbar",
        "ubar",
        "dbar",
        "g",
        "u",
        "s",
        "c"
      ],
      "size": 8,
      "chi2": 0.014440003025619985,
      "z_score": 3.146814973760608
    }
  ],
  "per_player_marginals": {
    "cbar": {
      "n_marginals": 256,
      "mean": 0.0019117705638237274,
      "std": 0.0006583385807611609,
      "min": 0.000410750513671454,
      "max": 0.003412801885215311,
      "p05": 0.0007543456930914072,
      "p95": 0.003069187904631232,
      "n_outliers_high": 0,
      "n_outliers_low": 0
    },
    "sbar": {
      "n_marginals": 256,
      "mean": 0.001047394281186961,
      "std": 0.00037583967175234477,
      "min": 8.799924095392875e-05,
      "max": 0.0020068022416532827,
      "p05": 0.00044644208971056365,
      "p95": 0.001648344436021576,
      "n_outliers_high": 0,
      "n_outliers_low": 0
    },
    "ubar": {
      "n_marginals": 256,
      "mean": 0.0018447357638845946,
      "std": 0.0006634990907637027,
      "min": 0.00013216133665050478,
      "max": 0.0035573206908892097,
      "p05": 0.0007399146682292579,
      "p95": 0.002949573365842839,
      "n_outliers_high": 0,
      "n_outliers_low": 0
    },
    "dbar": {
      "n_marginals": 256,
      "mean": 0.0018043377022668172,
      "std": 0.0006236048109027204,
      "min": 0.0005357527109131066,
      "max": 0.003072881978829045,
      "p05": 0.0008229202590572804,
      "p95": 0.002785743885322378,
      "n_outliers_high": 0,
      "n_outliers_low": 0
    },
    "g": {
      "n_marginals": 256,
      "mean": 0.003379764083569768,
      "std": 0.0005510069879014671,
      "min": 0.0024550374989278367,
      "max": 0.004304452874047016,
      "p05": 0.0026290683586713826,
      "p95": 0.00413043237559757,
      "n_outliers_high": 0,
      "n_outliers_low": 0
    },
    "d": {
      "n_marginals": 256,
      "mean": 0.0005309143104578699,
      "std": 0.00027776871376817777,
      "min": -0.00019800372190026394,
      "max": 0.0012598317251328872,
      "p05": 7.628944132931359e-05,
      "p95": 0.000985534990363801,
      "n_outliers_high": 0,
      "n_outliers_low": 0
    },
    "u": {
      "n_marginals": 256,
      "mean": 0.002134642818541954,
      "std": 0.000677342159157524,
      "min": 0.00042568289283617666,
      "max": 0.0038436023422581123,
      "p05": 0.001056152868995519,
      "p95": 0.003213130790363561,
      "n_outliers_high": 0,
      "n_outliers_low": 0
    },
    "s": {
      "n_marginals": 256,
      "mean": 0.0008238576523033527,
      "std": 0.0003515096624149777,
      "min": -4.2028076708167106e-05,
      "max": 0.0016897416079910688,
      "p05": 0.00024554248509478516,
      "p95": 0.0014021740548622597,
      "n_outliers_high": 0,
      "n_outliers_low": 0
    },
    "c": {
      "n_marginals": 256,
      "mean": 0.001956098327480723,
      "std": 0.0006504767882794675,
      "min": 0.00034601006192835904,
      "max": 0.003566188604939402,
      "p05": 0.0008687776773961264,
      "p95": 0.0030434254551161,
      "n_outliers_high": 0,
      "n_outliers_low": 0
    }
  }
}