flavour,shapley_value
cbar,0.00191177
sbar,0.00104740
ubar,0.00184474
dbar,0.00180435
g,0.00337977
d,0.00053091
u,0.00213464
s,0.00082386
c,0.00195610
