flavour,shapley_value
cbar,0.00100096
sbar,0.00046774
ubar,0.00050565
dbar,0.00136807
g,0.00100576
d,0.00002078
u,0.00075964
s,0.00013942
c,0.00077155
