{
  "outlier_n_sigma": 3.0,
  "chi2_stats": {
    "n_coalitions": 512,
    "mean": 0.004783163699211302,
    "std": 0.0025754852833526206,
    "min": 0.0,
    "max": 0.014025293472978317,
    "median": 0.0045802474611960076,
    "p95": 0.00950931235119754,
    "p99": 0.011254971973784868
  },
  "outlier_chi2_threshold": 0.012509619549269164,
  "n_outlier_coalitions": 2,
  "outlier_coalitions": [
    {
      "coalition": [
        0,
        1,
        2,
        3,
        4,
        5,
        6,
        7,
        8
      ],
      "coalition_labels": [
        "cbar",
        "sbar",
        "ubar",
        "dbar",
        "g",
        "d",
        "u",
        "s",
        "c"
      ],
      "size": 9,
      "chi2": 0.014025293472978317,
      "z_score": 3.5885003239995745
    },
    {
      "coalition": [
        0,
        1,
        2,
        3,
        4,
        6,
        7,
        8
      ],
      "coalition_labels": [
        "cbar",
        "sbar",
        "ubar",
        "dbar",
        "g",
        "u",
        "s",
        "c"
      ],
      "size": 8,
      "chi2": 0.01306240391004665,
      "z_score": 3.2146330885097902
    }
  ],
  "per_player_marginals": {
    "cbar": {
      "n_marginals": 256,
      "mean": 0.0016531488544695282,
      "std": 0.0005717352531123969,
      "min": 0.0003556640393289623,
      "max": 0.0029506656934004116,
      "p05": 0.0006577425525632896,
      "p95": 0.0026485536969001466,
      "n_outliers_high": 0,
      "n_outliers_low": 0
    },
    "sbar": {
      "n_marginals": 256,
      "mean": 0.0010278271541951257,
      "std": 0.00038601819614891776,
      "min": 6.044933691584653e-05,
      "max": 0.001995205644056197,
      "p05": 0.0003991565766766625,
      "p95": 0.0016565030953585302,
      "n_outliers_high": 0,
      "n_outliers_low": 0
    },
    "ubar": {
      "n_marginals": 256,
      "mean": 0.001661165109523289,
      "std": 0.0005882989072019592,
      "min": 0.0001009116100190166,
      "max": 0.003221423511067245,
      "p05": 0.0006980304782492341,
      "p95": 0.0026243113756461156,
      "n_outliers_high": 0,
      "n_outliers_low": 0
    },
    "dbar": {
      "n_marginals": 256,
      "mean": 0.001962081091662458,
      "std": 0.0006719889446201795,
      "min": 0.0005207783433862634,
      "max": 0.003403304118518413,
      "p05": 0.0008681666261736165,
      "p95": 0.003055948050630475,
      "n_outliers_high": 0,
      "n_outliers_low": 0
    },
    "g": {
      "n_marginals": 256,
      "mean": 0.0026487310937619805,
      "std": 0.0005506748633670594,
      "min": 0.0017951445871386973,
      "max": 0.0035022461931251136,
      "p05": 0.0019133175851739903,
      "p95": 0.003384109509419475,
      "n_outliers_high": 0,
      "n_outliers_low": 0
    },
    "d": {
      "n_marginals": 256,
      "mean": 0.0005224430607153937,
      "std": 0.0002906152174212134,
      "min": -0.0002386276531229914,
      "max": 0.0012835158507300548,
      "p05": 4.2142529833311126e-05,
      "p95": 0.0010027499324731237,
      "n_outliers_high": 0,
      "n_outliers_low": 0
    },
    "u": {
      "n_marginals": 256,
      "mean": 0.002007542987607318,
      "std": 0.0006196446551854814,
      "min": 0.0004250606456193129,
      "max": 0.003590024713189033,
      "p05": 0.0010006285761772205,
      "p95": 0.0030144601903163704,
      "n_outliers_high": 0,
      "n_outliers_low": 0
    },
    "s": {
      "n_marginals": 256,
      "mean": 0.0008619921139347893,
      "std": 0.0003621326701497125,
      "min": -4.798405499628622e-05,
      "max": 0.0017719672164608902,
      "p05": 0.0002689110028643582,
      "p95": 0.00145507047203558,
      "n_outliers_high": 0,
      "n_outliers_low": 0
    },
    "c": {
      "n_marginals": 256,
      "mean": 0.001680331766200296,
      "std": 0.0005661470002381266,
      "min": 0.0002536886113737591,
      "max": 0.0031069710389795002,
      "p05": 0.0007174835274311175,
      "p95": 0.0026431877832861495,
      "n_outliers_high": 0,
      "n_outliers_low": 0
    }
  }
}