flavour,shapley_value
cbar,0.00165315
sbar,0.00102783
ubar,0.00166117
dbar,0.00196209
g,0.00264874
d,0.00052245
u,0.00200754
s,0.00086199
c,0.00168033
