flavour,shapley_value
cbar,0.00079823
sbar,0.00047209
ubar,0.00022034
dbar,0.00147679
g,0.00040087
d,0.00005887
u,0.00089464
s,0.00024008
c,0.00053525
