{
  "outlier_n_sigma": 3.0,
  "chi2_stats": {
    "n_coalitions": 512,
    "mean": 0.030993087546612917,
    "std": 0.01870936854199438,
    "min": 0.0,
    "max": 0.09201646814517983,
    "median": 0.02648373717125807,
    "p95": 0.06810628309566354,
    "p99": 0.07913241364091642
  },
  "outlier_chi2_threshold": 0.08712119317259606,
  "n_outlier_coalitions": 2,
  "outlier_coalitions": [
    {
      "coalition": [
        0,
        2,
        4,
        5,
        7
      ],
      "coalition_labels": [
        "cbar",
        "ubar",
        "g",
        "d",
        "s"
      ],
      "size": 5,
      "chi2": 0.09201646814517983,
      "z_score": 3.261648326697719
    },
    {
      "coalition": [
        0,
        2,
        4,
        5,
        7,
        8
      ],
      "coalition_labels": [
        "cbar",
        "ubar",
        "g",
        "d",
        "s",
        "c"
      ],
      "size": 6,
      "chi2": 0.08732984227473417,
      "z_score": 3.011152118879362
    }
  ],
  "per_player_marginals": {
    "cbar": {
      "n_marginals": 256,
      "mean": 0.004256041411996613,
      "std": 0.004067281381311433,
      "min": -0.004805312479248425,
      "max": 0.013331124275802964,
      "p05": -0.0024101627732707742,
      "p95": 0.010932466598816748,
      "n_outliers_high": 0,
      "n_outliers_low": 0
    },
    "sbar": {
      "n_marginals": 256,
      "mean": 0.006127956646197609,
      "std": 0.007863052361186436,
      "min": -0.011960237897254311,
      "max": 0.02423582739351393,
      "p05": -0.0072002828485406845,
      "p95": 0.019438398169140225,
      "n_outliers_high": 0,
      "n_outliers_low": 0
    },
    "ubar": {
      "n_marginals": 256,
      "mean": 0.01799286874704842,
      "std": 0.013484465070061295,
      "min": -0.01107111410483741,
      "max": 0.047074734847838196,
      "p05": -0.0037776178093069657,
      "p95": 0.03975334828411825,
      "n_outliers_high": 0,
      "n_outliers_low": 0
    },
    "dbar": {
      "n_marginals": 256,
      "mean": 0.00317751079714589,
      "std": 0.010686998176643942,
      "min": -0.022133518784158257,
      "max": 0.028487054076265395,
      "p05": -0.014746836583253542,
      "p95": 0.021102389363560403,
      "n_outliers_high": 0,
      "n_outliers_low": 0
    },
    "g": {
      "n_marginals": 256,
      "mean": 0.0048533904147670765,
      "std": 0.0012230473164470215,
      "min": 0.0023079863470181206,
      "max": 0.007402260869971977,
      "p05": 0.0027973133670656236,
      "p95": 0.00691786112051096,
      "n_outliers_high": 0,
      "n_outliers_low": 0
    },
    "d": {
      "n_marginals": 256,
      "mean": 0.02088814855748919,
      "std": 0.015582090364976707,
      "min": -0.015765205345568578,
      "max": 0.057557422887577925,
      "p05": -0.00431154386392768,
      "p95": 0.04608612509666388,
      "n_outliers_high": 0,
      "n_outliers_low": 0
    },
    "u": {
      "n_marginals": 256,
      "mean": 0.007331082104468876,
      "std": 0.008874605920301456,
      "min": -0.013205851195089213,
      "max": 0.02786333667620844,
      "p05": -0.007888936909510147,
      "p95": 0.022547234590435672,
      "n_outliers_high": 0,
      "n_outliers_low": 0
    },
    "s": {
      "n_marginals": 256,
      "mean": 0.01018385381798029,
      "std": 0.008700357731918401,
      "min": -0.008163588290388768,
      "max": 0.02853997011630227,
      "p05": -0.004158599162902787,
      "p95": 0.024535583478570044,
      "n_outliers_high": 0,
      "n_outliers_low": 0
    },
    "c": {
      "n_marginals": 256,
      "mean": 0.0017319941460257173,
      "std": 0.0027378852672239225,
      "min": -0.004792984656031507,
      "max": 0.008273174928172367,
      "p05": -0.0025583831700172754,
      "p95": 0.006001931987422604,
      "n_outliers_high": 0,
      "n_outliers_low": 0
    }
  }
}