{
  "timestamp": "2026-05-14T10:16:20.549008",
  "results": {
    "results_by_basis": {
      "flavor": {
        "shapley_values": {
          "cbar": 0.004257667482642737,
          "sbar": 0.006124083683729081,
          "ubar": 0.017993168778351158,
          "dbar": 0.003177597442773471,
          "g": 0.004853968155604729,
          "d": 0.02088656092996611,
          "u": 0.007332136091420146,
          "s": 0.010182492004896624,
          "c": 0.0017307690656377767
        },
        "phi_even": {
          "cbar": 0.004257667482642737,
          "sbar": 0.006124083683729081,
          "ubar": 0.017993168778351158,
          "dbar": 0.003177597442773471,
          "g": 0.004853968155604729,
          "d": 0.02088656092996611,
          "u": 0.007332136091420146,
          "s": 0.010182492004896624,
          "c": 0.0017307690656377767
        },
        "phi_odd": {
          "cbar": 0.0007498929719819226,
          "sbar": 0.0010309500600034379,
          "ubar": 0.003015586524955272,
          "dbar": 0.0004007328473150305,
          "g": 0.0012234963089765797,
          "d": 0.0018514946531134728,
          "u": 0.0007029515783437992,
          "s": 0.0007712249122282182,
          "c": 0.0005872900696364353
        },
        "phi_odd_signed": {
          "cbar": 0.0007498929719819226,
          "sbar": 0.0010309500600034379,
          "ubar": 0.003015586524955272,
          "dbar": 0.0004007328473150305,
          "g": 0.0012234963089765797,
          "d": 0.0018514946531134728,
          "u": 0.0007029515783437992,
          "s": -0.0007712249122282182,
          "c": 0.0005872900696364353
        },
        "sign_sensitivity_abs": {
          "cbar": 0.0007498929719819226,
          "sbar": 0.0010309500600034379,
          "ubar": 0.003015586524955272,
          "dbar": 0.0004007328473150305,
          "g": 0.0012234963089765797,
          "d": 0.0018514946531134728,
          "u": 0.0007029515783437992,
          "s": 0.0007712249122282182,
          "c": 0.0005872900696364353
        },
        "shapley_values_per_replica": null,
        "phi_even_per_replica": null,
        "phi_odd_per_replica": null,
        "phi_odd_signed_per_replica": null,
        "shapley_values_per_sign_sample": null,
        "shapley_std": null,
        "std_even_rep": null,
        "shapley_err": null,
        "shapley_values_odd": {
          "cbar": 0.0007498929719819226,
          "sbar": 0.0010309500600034379,
          "ubar": 0.003015586524955272,
          "dbar": 0.0004007328473150305,
          "g": 0.0012234963089765797,
          "d": 0.0018514946531134728,
          "u": 0.0007029515783437992,
          "s": 0.0007712249122282182,
          "c": 0.0005872900696364353
        },
        "shapley_odd_std": null,
        "std_odd_rep": null,
        "shapley_odd_err": null,
        "shapley_sign_std": null,
        "shapley_sign_err": null,
        "per_replica": false,
        "random_sign": false,
        "member_mode": "central",
        "n_sign_samples": 1,
        "antithetic_sign": false,
        "deterministic_sign_symmetrized": true,
        "random_seed": null,
        "baseline_chi2": 1.1425467209619293,
        "validation_checks": {
          "completeness_even": {
            "max_abs_diff": 1.3877787807814457e-17,
            "tol": 1e-10,
            "pass": true
          },
          "completeness_odd": {
            "max_abs_diff": 1.734723475976807e-18,
            "tol": 1e-10,
            "pass": true
          },
          "empty_even_zero": {
            "max_abs_diff": 0.0,
            "tol": 1e-10,
            "pass": true
          },
          "empty_odd_zero": {
            "max_abs_diff": 0.0,
            "tol": 1e-10,
            "pass": true
          },
          "chi2_symmetry_residual": 0.01908485234884094,
          "odd_zero_if_symmetric": {
            "phi_odd_max_abs": 0.003015586524955272,
            "tol": 1e-10,
            "pass": true
          },
          "even_vs_pm": {
            "max_abs_diff": 3.0574501264091225e-17,
            "tol": 1e-10,
            "pass": true
          },
          "odd_vs_pm": {
            "max_abs_diff": 4.7704895589362195e-18,
            "tol": 1e-10,
            "pass": true
          }
        },
        "coalitions_evaluated": 512,
        "theory_evaluations": 1023,
        "elapsed_seconds": 2244.8,
        "n_jobs": 16,
        "n_datasets_used": 82,
        "stabilization": {
          "enabled": true,
          "action": "exclude_dataset",
          "dataset_delta_chi2_threshold": 100000.0,
          "max_outlier_coalitions": 5,
          "stable_rerun_performed": false,
          "n_excluded_datasets": 0,
          "excluded_datasets": [],
          "report_json": "/home/dakshanshchawda/nnpdf/validphys2/src/validphys/shapley/sv_results/nnpdf40_physical/20260514_093633_physical_xscan_dense_evol/mu_27/stabilization_report_flavor.json"
        }
      }
    }
  },
  "metadata": {
    "runcard": "/home/dakshanshchawda/nnpdf/validphys2/src/validphys/shapley/runcards/nnpdf4.0_physical_dense.yaml",
    "pdf_name": "NNPDF40_nnlo_as_01180",
    "theory_id": 708,
    "n_datasets": 82,
    "n_replicas": 100,
    "perturbation": {
      "mu": 0.0125363034158,
      "sigma": 0.25,
      "amplitude": 1.0,
      "mode": "physical",
      "xspace": "logx",
      "per_replica": false,
      "random_sign": false,
      "member_mode": "central",
      "n_sign_samples": 1,
      "antithetic_sign": false,
      "deterministic_sign_symmetrized": true,
      "random_seed": null
    },
    "enforce_sumrules": false,
    "n_jobs": 16,
    "stabilization": {
      "enabled": true,
      "action": "exclude_dataset",
      "dataset_delta_chi2_threshold": 100000.0,
      "max_outlier_coalitions": 5,
      "rerun_stable": true
    }
  }
}