flavour,shapley_value
cbar,0.00425767
sbar,0.00612408
ubar,0.01799317
dbar,0.00317760
g,0.00485397
d,0.02088656
u,0.00733214
s,0.01018249
c,0.00173077
