flavour,shapley_value
cbar,0.00074989
sbar,0.00103095
ubar,0.00301559
dbar,0.00040073
g,0.00122350
d,0.00185149
u,0.00070295
s,0.00077122
c,0.00058729
