{
  "outlier_n_sigma": 3.0,
  "chi2_stats": {
    "n_coalitions": 512,
    "mean": 7.97123266641081e-05,
    "std": 0.0001733069400812343,
    "min": -0.00015063984858998403,
    "max": 0.0003151075140495063,
    "median": 7.719585104504212e-05,
    "p95": 0.00031492610211724114,
    "p99": 0.0003150445388160872
  },
  "outlier_chi2_threshold": 0.000599633146907811,
  "n_outlier_coalitions": 0,
  "outlier_coalitions": [],
  "per_player_marginals": {
    "cbar": {
      "n_marginals": 256,
      "mean": 7.332366528181589e-08,
      "std": 4.351155764377274e-08,
      "min": 2.8236996962860417e-08,
      "max": 1.1841046498872743e-07,
      "p05": 2.8250733918877557e-08,
      "p95": 1.1839672831026604e-07,
      "n_outliers_high": 0,
      "n_outliers_low": 0
    },
    "sbar": {
      "n_marginals": 256,
      "mean": -0.00015507096896036875,
      "std": 4.902158196055932e-06,
      "min": -0.0001599783206853722,
      "max": -0.0001501636176297616,
      "p05": -0.0001599764848848606,
      "p95": -0.00015016545329449293,
      "n_outliers_high": 0,
      "n_outliers_low": 0
    },
    "ubar": {
      "n_marginals": 256,
      "mean": 3.542401316725119e-08,
      "std": 2.5456668778295887e-08,
      "min": 9.11589559393633e-09,
      "max": 6.173220334915186e-08,
      "p05": 9.123943434108384e-09,
      "p95": 6.17241551759129e-08,
      "n_outliers_high": 0,
      "n_outliers_low": 0
    },
    "dbar": {
      "n_marginals": 256,
      "mean": -1.2816574485735588e-09,
      "std": 3.13960712714641e-11,
      "min": -1.3253205199958984e-09,
      "max": -1.2379941516371673e-09,
      "p05": -1.325297871446196e-09,
      "p95": -1.2380177993875918e-09,
      "n_outliers_high": 0,
      "n_outliers_low": 0
    },
    "g": {
      "n_marginals": 256,
      "mean": -4.736117855883015e-07,
      "std": 1.2031769058539171e-10,
      "min": -4.7377683820570837e-07,
      "max": -4.7344673492766276e-07,
      "p05": -4.737767005380533e-07,
      "p95": -4.7344687276185127e-07,
      "n_outliers_high": 0,
      "n_outliers_low": 0
    },
    "d": {
      "n_marginals": 256,
      "mean": -1.1897896608908942e-09,
      "std": 3.11347895434153e-11,
      "min": -1.2329461895888016e-09,
      "max": -1.1466334548515533e-09,
      "p05": -1.232923485527948e-09,
      "p95": -1.1466559923789532e-09,
      "n_outliers_high": 0,
      "n_outliers_low": 0
    },
    "u": {
      "n_marginals": 256,
      "mean": 5.025870147661038e-08,
      "std": 2.4611328909613247e-08,
      "min": 2.4741218407342558e-08,
      "max": 7.577625260601906e-08,
      "p05": 2.4749263083378992e-08,
      "p95": 7.576820720833766e-08,
      "n_outliers_high": 0,
      "n_outliers_low": 0
    },
    "s": {
      "n_marginals": 256,
      "mean": 0.0003099514459972783,
      "std": 4.902660642855415e-06,
      "min": 0.0003049133418429051,
      "max": 0.0003149895505472067,
      "p05": 0.0003049626927399962,
      "p95": 0.0003149401995160006,
      "n_outliers_high": 0,
      "n_outliers_low": 0
    },
    "c": {
      "n_marginals": 256,
      "mean": 8.985787064777484e-08,
      "std": 4.234854402274338e-08,
      "min": 4.57937734399394e-08,
      "max": 1.3392209163853863e-07,
      "p05": 4.580761053807336e-08,
      "p95": 1.339082533746705e-07,
      "n_outliers_high": 0,
      "n_outliers_low": 0
    }
  }
}