{
  "timestamp": "2026-05-14T10:13:32.141794",
  "results": {
    "results_by_basis": {
      "flavor": {
        "shapley_values": {
          "cbar": 7.332364321292815e-08,
          "sbar": -0.00015507096902591874,
          "ubar": 3.542400102326166e-08,
          "dbar": -1.2816572665597634e-09,
          "g": -4.7361178529706603e-07,
          "d": -1.1897894119663352e-09,
          "u": 5.025869012763639e-08,
          "s": 0.0003099514459316722,
          "c": 8.985784987546903e-08
        },
        "phi_even": {
          "cbar": 7.332364321292815e-08,
          "sbar": -0.00015507096902591874,
          "ubar": 3.542400102326166e-08,
          "dbar": -1.2816572665597634e-09,
          "g": -4.7361178529706603e-07,
          "d": -1.1897894119663352e-09,
          "u": 5.025869012763639e-08,
          "s": 0.0003099514459316722,
          "c": 8.985784987546903e-08
        },
        "phi_odd": {
          "cbar": 7.373880477986931e-08,
          "sbar": 0.00015507005796107484,
          "ubar": 3.5721846467513374e-08,
          "dbar": 3.6637746839901083e-10,
          "g": 4.811899999221156e-07,
          "d": 4.010420328718538e-10,
          "u": 5.0990452085851455e-08,
          "s": 0.0003099522712049523,
          "c": 9.050921217135951e-08
        },
        "phi_odd_signed": {
          "cbar": -7.373880477986931e-08,
          "sbar": 0.00015507005796107484,
          "ubar": -3.5721846467513374e-08,
          "dbar": 3.6637746839901083e-10,
          "g": -4.811899999221156e-07,
          "d": 4.010420328718538e-10,
          "u": -5.0990452085851455e-08,
          "s": -0.0003099522712049523,
          "c": -9.050921217135951e-08
        },
        "sign_sensitivity_abs": {
          "cbar": 7.373880477986931e-08,
          "sbar": 0.00015507005796107484,
          "ubar": 3.5721846467513374e-08,
          "dbar": 3.6637746839901083e-10,
          "g": 4.811899999221156e-07,
          "d": 4.010420328718538e-10,
          "u": 5.0990452085851455e-08,
          "s": 0.0003099522712049523,
          "c": 9.050921217135951e-08
        },
        "shapley_values_per_replica": null,
        "phi_even_per_replica": null,
        "phi_odd_per_replica": null,
        "phi_odd_signed_per_replica": null,
        "shapley_values_per_sign_sample": null,
        "shapley_std": null,
        "std_even_rep": null,
        "shapley_err": null,
        "shapley_values_odd": {
          "cbar": 7.373880477986931e-08,
          "sbar": 0.00015507005796107484,
          "ubar": 3.5721846467513374e-08,
          "dbar": 3.6637746839901083e-10,
          "g": 4.811899999221156e-07,
          "d": 4.010420328718538e-10,
          "u": 5.0990452085851455e-08,
          "s": 0.0003099522712049523,
          "c": 9.050921217135951e-08
        },
        "shapley_odd_std": null,
        "std_odd_rep": null,
        "shapley_odd_err": null,
        "shapley_sign_std": null,
        "shapley_sign_err": null,
        "per_replica": false,
        "random_sign": false,
        "member_mode": "central",
        "n_sign_samples": 1,
        "antithetic_sign": false,
        "deterministic_sign_symmetrized": true,
        "random_seed": null,
        "baseline_chi2": 1.1425467209619293,
        "validation_checks": {
          "completeness_even": {
            "max_abs_diff": 1.6263032587282567e-19,
            "tol": 1e-10,
            "pass": true
          },
          "completeness_odd": {
            "max_abs_diff": 2.168404344971009e-19,
            "tol": 1e-10,
            "pass": true
          },
          "empty_even_zero": {
            "max_abs_diff": 0.0,
            "tol": 1e-10,
            "pass": true
          },
          "empty_odd_zero": {
            "max_abs_diff": 0.0,
            "tol": 1e-10,
            "pass": true
          },
          "chi2_symmetry_residual": 0.0006311835811481092,
          "odd_zero_if_symmetric": {
            "phi_odd_max_abs": 0.0003099522712049523,
            "tol": 1e-10,
            "pass": true
          },
          "even_vs_pm": {
            "max_abs_diff": 2.4980060405713385e-17,
            "tol": 1e-10,
            "pass": true
          },
          "odd_vs_pm": {
            "max_abs_diff": 1.3552527156068805e-19,
            "tol": 1e-10,
            "pass": true
          }
        },
        "coalitions_evaluated": 512,
        "theory_evaluations": 1023,
        "elapsed_seconds": 2105.0,
        "n_jobs": 16,
        "n_datasets_used": 82,
        "stabilization": {
          "enabled": true,
          "action": "exclude_dataset",
          "dataset_delta_chi2_threshold": 100000.0,
          "max_outlier_coalitions": 5,
          "stable_rerun_performed": false,
          "n_excluded_datasets": 0,
          "excluded_datasets": [],
          "report_json": "/home/dakshanshchawda/nnpdf/validphys2/src/validphys/shapley/sv_results/nnpdf40_physical/20260514_093633_physical_xscan_dense_evol/mu_50/stabilization_report_flavor.json"
        }
      }
    }
  },
  "metadata": {
    "runcard": "/home/dakshanshchawda/nnpdf/validphys2/src/validphys/shapley/runcards/nnpdf4.0_physical_dense.yaml",
    "pdf_name": "NNPDF40_nnlo_as_01180",
    "theory_id": 708,
    "n_datasets": 82,
    "n_replicas": 100,
    "perturbation": {
      "mu": 0.9,
      "sigma": 0.25,
      "amplitude": 1.0,
      "mode": "physical",
      "xspace": "logx",
      "per_replica": false,
      "random_sign": false,
      "member_mode": "central",
      "n_sign_samples": 1,
      "antithetic_sign": false,
      "deterministic_sign_symmetrized": true,
      "random_seed": null
    },
    "enforce_sumrules": false,
    "n_jobs": 16,
    "stabilization": {
      "enabled": true,
      "action": "exclude_dataset",
      "dataset_delta_chi2_threshold": 100000.0,
      "max_outlier_coalitions": 5,
      "rerun_stable": true
    }
  }
}