flavour,shapley_value
cbar,0.00000007
sbar,-0.00015507
ubar,0.00000004
dbar,-0.00000000
g,-0.00000047
d,-0.00000000
u,0.00000005
s,0.00030995
c,0.00000009
