{
  "outlier_n_sigma": 3.0,
  "chi2_stats": {
    "n_coalitions": 512,
    "mean": 0.021746351495984077,
    "std": 0.012091658333206332,
    "min": 0.0,
    "max": 0.05897101721692777,
    "median": 0.019710872389720024,
    "p95": 0.044175042592476926,
    "p99": 0.05213263317612586
  },
  "outlier_chi2_threshold": 0.05802132649560308,
  "n_outlier_coalitions": 1,
  "outlier_coalitions": [
    {
      "coalition": [
        0,
        2,
        4,
        5,
        7
      ],
      "coalition_labels": [
        "cbar",
        "ubar",
        "g",
        "d",
        "s"
      ],
      "size": 5,
      "chi2": 0.05897101721692777,
      "z_score": 3.0785409821510283
    }
  ],
  "per_player_marginals": {
    "cbar": {
      "n_marginals": 256,
      "mean": 0.0029520037786149537,
      "std": 0.002754425756533125,
      "min": -0.0028775402307577025,
      "max": 0.008792203848935642,
      "p05": -0.00163431916861001,
      "p95": 0.0075480707071546305,
      "n_outliers_high": 0,
      "n_outliers_low": 0
    },
    "sbar": {
      "n_marginals": 256,
      "mean": 0.004732854265835695,
      "std": 0.007232577456925209,
      "min": -0.011342429180177804,
      "max": 0.020819190589566272,
      "p05": -0.007458053003795373,
      "p95": 0.01693253393984684,
      "n_outliers_high": 0,
      "n_outliers_low": 0
    },
    "ubar": {
      "n_marginals": 256,
      "mean": 0.009234888843155736,
      "std": 0.007796725511943694,
      "min": -0.007026242708254138,
      "max": 0.02550600850444429,
      "p05": -0.0036973013320014125,
      "p95": 0.0221693271870399,
      "n_outliers_high": 0,
      "n_outliers_low": 0
    },
    "dbar": {
      "n_marginals": 256,
      "mean": 0.0034339854571597064,
      "std": 0.010645761082873016,
      "min": -0.021338224605281564,
      "max": 0.028200136711310497,
      "p05": -0.013311869232465134,
      "p95": 0.02017598477846816,
      "n_outliers_high": 0,
      "n_outliers_low": 0
    },
    "g": {
      "n_marginals": 256,
      "mean": 0.001592921759858295,
      "std": 0.0003386366682955731,
      "min": 0.0007550024325697624,
      "max": 0.00242952184139833,
      "p05": 0.001035039000550575,
      "p95": 0.002149204079240574,
      "n_outliers_high": 0,
      "n_outliers_low": 0
    },
    "d": {
      "n_marginals": 256,
      "mean": 0.01089362332282463,
      "std": 0.012081096296084138,
      "min": -0.017875327415860287,
      "max": 0.03967128657427543,
      "p05": -0.008605813439709231,
      "p95": 0.03039634408699282,
      "n_outliers_high": 0,
      "n_outliers_low": 0
    },
    "u": {
      "n_marginals": 256,
      "mean": 0.007803991008063218,
      "std": 0.006770728320933284,
      "min": -0.006708076327080148,
      "max": 0.02231558458816041,
      "p05": -0.004155236355313008,
      "p95": 0.019761442386743655,
      "n_outliers_high": 0,
      "n_outliers_low": 0
    },
    "s": {
      "n_marginals": 256,
      "mean": 0.005529265170988198,
      "std": 0.006986203665164644,
      "min": -0.009354776786198782,
      "max": 0.02042325830335412,
      "p05": -0.006180328837453397,
      "p95": 0.01724858516397243,
      "n_outliers_high": 0,
      "n_outliers_low": 0
    },
    "c": {
      "n_marginals": 256,
      "mean": 0.0021131772260354637,
      "std": 0.0020622205841278954,
      "min": -0.002439651022324796,
      "max": 0.006676631987855064,
      "p05": -0.001431691176194183,
      "p95": 0.005666801334189009,
      "n_outliers_high": 0,
      "n_outliers_low": 0
    }
  }
}