{
  "timestamp": "2026-05-14T10:10:17.750367",
  "results": {
    "results_by_basis": {
      "flavor": {
        "shapley_values": {
          "cbar": 0.002952460684586892,
          "sbar": 0.004731148767324729,
          "ubar": 0.009234226266436349,
          "dbar": 0.0034338890894059057,
          "g": 0.0015931034807692302,
          "d": 0.010892330167031769,
          "u": 0.007804323793923025,
          "s": 0.00552833511333507,
          "c": 0.002112801043220686
        },
        "phi_even": {
          "cbar": 0.002952460684586892,
          "sbar": 0.004731148767324729,
          "ubar": 0.009234226266436349,
          "dbar": 0.0034338890894059057,
          "g": 0.0015931034807692302,
          "d": 0.010892330167031769,
          "u": 0.007804323793923025,
          "s": 0.00552833511333507,
          "c": 0.002112801043220686
        },
        "phi_odd": {
          "cbar": 0.0009808671576691968,
          "sbar": 0.0017194133028931337,
          "ubar": 0.002439385120568738,
          "dbar": 0.0021892160979176266,
          "g": 0.0008498541929059654,
          "d": 0.0009876369558236855,
          "u": 0.0009040814724418227,
          "s": 0.0006431677928890559,
          "c": 0.0009534387820114141
        },
        "phi_odd_signed": {
          "cbar": 0.0009808671576691968,
          "sbar": 0.0017194133028931337,
          "ubar": 0.002439385120568738,
          "dbar": 0.0021892160979176266,
          "g": 0.0008498541929059654,
          "d": 0.0009876369558236855,
          "u": 0.0009040814724418227,
          "s": -0.0006431677928890559,
          "c": 0.0009534387820114141
        },
        "sign_sensitivity_abs": {
          "cbar": 0.0009808671576691968,
          "sbar": 0.0017194133028931337,
          "ubar": 0.002439385120568738,
          "dbar": 0.0021892160979176266,
          "g": 0.0008498541929059654,
          "d": 0.0009876369558236855,
          "u": 0.0009040814724418227,
          "s": 0.0006431677928890559,
          "c": 0.0009534387820114141
        },
        "shapley_values_per_replica": null,
        "phi_even_per_replica": null,
        "phi_odd_per_replica": null,
        "phi_odd_signed_per_replica": null,
        "shapley_values_per_sign_sample": null,
        "shapley_std": null,
        "std_even_rep": null,
        "shapley_err": null,
        "shapley_values_odd": {
          "cbar": 0.0009808671576691968,
          "sbar": 0.0017194133028931337,
          "ubar": 0.002439385120568738,
          "dbar": 0.0021892160979176266,
          "g": 0.0008498541929059654,
          "d": 0.0009876369558236855,
          "u": 0.0009040814724418227,
          "s": 0.0006431677928890559,
          "c": 0.0009534387820114141
        },
        "shapley_odd_std": null,
        "std_odd_rep": null,
        "shapley_odd_err": null,
        "shapley_sign_std": null,
        "shapley_sign_err": null,
        "per_replica": false,
        "random_sign": false,
        "member_mode": "central",
        "n_sign_samples": 1,
        "antithetic_sign": false,
        "deterministic_sign_symmetrized": true,
        "random_seed": null,
        "baseline_chi2": 1.142546720961927,
        "validation_checks": {
          "completeness_even": {
            "max_abs_diff": 1.3877787807814457e-17,
            "tol": 1e-10,
            "pass": true
          },
          "completeness_odd": {
            "max_abs_diff": 1.734723475976807e-18,
            "tol": 1e-10,
            "pass": true
          },
          "empty_even_zero": {
            "max_abs_diff": 0.0,
            "tol": 1e-10,
            "pass": true
          },
          "empty_odd_zero": {
            "max_abs_diff": 0.0,
            "tol": 1e-10,
            "pass": true
          },
          "chi2_symmetry_residual": 0.02207751335216379,
          "odd_zero_if_symmetric": {
            "phi_odd_max_abs": 0.002439385120568738,
            "tol": 1e-10,
            "pass": true
          },
          "even_vs_pm": {
            "max_abs_diff": 5.0090140368830305e-17,
            "tol": 1e-10,
            "pass": true
          },
          "odd_vs_pm": {
            "max_abs_diff": 1.6263032587282567e-18,
            "tol": 1e-10,
            "pass": true
          }
        },
        "coalitions_evaluated": 512,
        "theory_evaluations": 1023,
        "elapsed_seconds": 1903.1,
        "n_jobs": 16,
        "n_datasets_used": 82,
        "stabilization": {
          "enabled": true,
          "action": "exclude_dataset",
          "dataset_delta_chi2_threshold": 100000.0,
          "max_outlier_coalitions": 5,
          "stable_rerun_performed": false,
          "n_excluded_datasets": 0,
          "excluded_datasets": [],
          "report_json": "/home/dakshanshchawda/nnpdf/validphys2/src/validphys/shapley/sv_results/nnpdf40_physical/20260514_093633_physical_xscan_dense_evol/mu_25/stabilization_report_flavor.json"
        }
      }
    }
  },
  "metadata": {
    "runcard": "/home/dakshanshchawda/nnpdf/validphys2/src/validphys/shapley/runcards/nnpdf4.0_physical_dense.yaml",
    "pdf_name": "NNPDF40_nnlo_as_01180",
    "theory_id": 708,
    "n_datasets": 82,
    "n_replicas": 100,
    "perturbation": {
      "mu": 0.00864513623168,
      "sigma": 0.25,
      "amplitude": 1.0,
      "mode": "physical",
      "xspace": "logx",
      "per_replica": false,
      "random_sign": false,
      "member_mode": "central",
      "n_sign_samples": 1,
      "antithetic_sign": false,
      "deterministic_sign_symmetrized": true,
      "random_seed": null
    },
    "enforce_sumrules": false,
    "n_jobs": 16,
    "stabilization": {
      "enabled": true,
      "action": "exclude_dataset",
      "dataset_delta_chi2_threshold": 100000.0,
      "max_outlier_coalitions": 5,
      "rerun_stable": true
    }
  }
}