flavour,shapley_value
cbar,0.00295246
sbar,0.00473115
ubar,0.00923423
dbar,0.00343389
g,0.00159310
d,0.01089233
u,0.00780432
s,0.00552834
c,0.00211280
