flavour,shapley_value
cbar,0.00098087
sbar,0.00171941
ubar,0.00243939
dbar,0.00218922
g,0.00084985
d,0.00098764
u,0.00090408
s,0.00064317
c,0.00095344
