{
  "outlier_n_sigma": 3.0,
  "chi2_stats": {
    "n_coalitions": 512,
    "mean": 0.005567831165693061,
    "std": 0.0030101953567803364,
    "min": 0.0,
    "max": 0.016069901476880366,
    "median": 0.005329623478606438,
    "p95": 0.010973495326001602,
    "p99": 0.013011747661427741
  },
  "outlier_chi2_threshold": 0.01459841723603407,
  "n_outlier_coalitions": 2,
  "outlier_coalitions": [
    {
      "coalition": [
        0,
        1,
        2,
        3,
        4,
        5,
        6,
        7,
        8
      ],
      "coalition_labels": [
        "cbar",
        "sbar",
        "ubar",
        "dbar",
        "g",
        "d",
        "u",
        "s",
        "c"
      ],
      "size": 9,
      "chi2": 0.016069901476880366,
      "z_score": 3.488833469738713
    },
    {
      "coalition": [
        0,
        1,
        2,
        3,
        4,
        6,
        7,
        8
      ],
      "coalition_labels": [
        "cbar",
        "sbar",
        "ubar",
        "dbar",
        "g",
        "u",
        "s",
        "c"
      ],
      "size": 8,
      "chi2": 0.015006126030921552,
      "z_score": 3.1354426362957253
    }
  ],
  "per_player_marginals": {
    "cbar": {
      "n_marginals": 256,
      "mean": 0.0017047655265137966,
      "std": 0.0006098550077530918,
      "min": 0.00030156654122182047,
      "max": 0.0031079843936541174,
      "p05": 0.0006427256897508782,
      "p95": 0.0027667899547949015,
      "n_outliers_high": 0,
      "n_outliers_low": 0
    },
    "sbar": {
      "n_marginals": 256,
      "mean": 0.001175914197532055,
      "std": 0.00044351572648598667,
      "min": 8.204829120628254e-05,
      "max": 0.002269785518290268,
      "p05": 0.0004460790869610931,
      "p95": 0.0019057574136221445,
      "n_outliers_high": 0,
      "n_outliers_low": 0
    },
    "ubar": {
      "n_marginals": 256,
      "mean": 0.001914123004214079,
      "std": 0.0006559531612828292,
      "min": 0.00016679824836107748,
      "max": 0.0036614556501901596,
      "p05": 0.0008262775068103023,
      "p95": 0.0030019098080646955,
      "n_outliers_high": 0,
      "n_outliers_low": 0
    },
    "dbar": {
      "n_marginals": 256,
      "mean": 0.0022984845881050785,
      "std": 0.0008487831357896523,
      "min": 0.0004602124260610907,
      "max": 0.004136505015892578,
      "p05": 0.0009222203486857206,
      "p95": 0.0036746301413022597,
      "n_outliers_high": 0,
      "n_outliers_low": 0
    },
    "g": {
      "n_marginals": 256,
      "mean": 0.003490180800602174,
      "std": 0.0006937461464317381,
      "min": 0.002423274663097663,
      "max": 0.004556795692883364,
      "p05": 0.0025990975821926776,
      "p95": 0.004381247804385091,
      "n_outliers_high": 0,
      "n_outliers_low": 0
    },
    "d": {
      "n_marginals": 256,
      "mean": 0.0005894207509115918,
      "std": 0.0003488340991980953,
      "min": -0.0003053970285522567,
      "max": 0.0014842400337660155,
      "p05": -1.9407672630089579e-07,
      "p95": 0.0011790635879150857,
      "n_outliers_high": 0,
      "n_outliers_low": 0
    },
    "u": {
      "n_marginals": 256,
      "mean": 0.0022368121824255308,
      "std": 0.0006816760767864619,
      "min": 0.00048070919354747943,
      "max": 0.003992917295345677,
      "p05": 0.0011074505504004573,
      "p95": 0.003366192430819148,
      "n_outliers_high": 0,
      "n_outliers_low": 0
    },
    "s": {
      "n_marginals": 256,
      "mean": 0.0009534949929296439,
      "std": 0.0004086466135449072,
      "min": -8.58020554468375e-05,
      "max": 0.0019927888873665367,
      "p05": 0.0002878941199064289,
      "p95": 0.0016190915428858088,
      "n_outliers_high": 0,
      "n_outliers_low": 0
    },
    "c": {
      "n_marginals": 256,
      "mean": 0.0017066480736100589,
      "std": 0.0005971741030957646,
      "min": 0.00019501691217871375,
      "max": 0.0032182755979386357,
      "p05": 0.0007120887077739502,
      "p95": 0.002701227347322366,
      "n_outliers_high": 0,
      "n_outliers_low": 0
    }
  }
}