flavour,shapley_value
cbar,0.00170478
sbar,0.00117592
ubar,0.00191413
dbar,0.00229850
g,0.00349019
d,0.00058943
u,0.00223681
s,0.00095350
c,0.00170665
