flavour,shapley_value
cbar,0.00090663
sbar,0.00042043
ubar,0.00047898
dbar,0.00156534
g,0.00016191
d,0.00006839
u,0.00087792
s,0.00021232
c,0.00058015
