{
  "outlier_n_sigma": 3.0,
  "chi2_stats": {
    "n_coalitions": 512,
    "mean": 0.01981817699994068,
    "std": 0.011230531144403897,
    "min": 0.0,
    "max": 0.05917066584712205,
    "median": 0.017752534457062152,
    "p95": 0.041622327948270456,
    "p99": 0.050470823099146016
  },
  "outlier_chi2_threshold": 0.05350977043315237,
  "n_outlier_coalitions": 3,
  "outlier_coalitions": [
    {
      "coalition": [
        0,
        2,
        4,
        5,
        7
      ],
      "coalition_labels": [
        "cbar",
        "ubar",
        "g",
        "d",
        "s"
      ],
      "size": 5,
      "chi2": 0.05917066584712205,
      "z_score": 3.504063017250121
    },
    {
      "coalition": [
        0,
        2,
        4,
        5,
        7,
        8
      ],
      "coalition_labels": [
        "cbar",
        "ubar",
        "g",
        "d",
        "s",
        "c"
      ],
      "size": 6,
      "chi2": 0.05531322361010971,
      "z_score": 3.16058485157721
    },
    {
      "coalition": [
        0,
        1,
        2,
        4,
        5,
        7
      ],
      "coalition_labels": [
        "cbar",
        "sbar",
        "ubar",
        "g",
        "d",
        "s"
      ],
      "size": 6,
      "chi2": 0.053709398038915834,
      "z_score": 3.01777543761703
    }
  ],
  "per_player_marginals": {
    "cbar": {
      "n_marginals": 256,
      "mean": 0.003269952283993369,
      "std": 0.0031410695940258825,
      "min": -0.004344723218412616,
      "max": 0.010884507837034096,
      "p05": -0.0017715307907305022,
      "p95": 0.008313989500591756,
      "n_outliers_high": 0,
      "n_outliers_low": 0
    },
    "sbar": {
      "n_marginals": 256,
      "mean": 0.0034133236342545935,
      "std": 0.0040210363309335475,
      "min": -0.0063431668939673,
      "max": 0.013167273168155136,
      "p05": -0.0030992828427950925,
      "p95": 0.009929510748954762,
      "n_outliers_high": 0,
      "n_outliers_low": 0
    },
    "ubar": {
      "n_marginals": 256,
      "mean": 0.009809673601737727,
      "std": 0.007058685219840296,
      "min": -0.007969731015655901,
      "max": 0.027586559497378094,
      "p05": -0.0017013561720430337,
      "p95": 0.021318416077293734,
      "n_outliers_high": 0,
      "n_outliers_low": 0
    },
    "dbar": {
      "n_marginals": 256,
      "mean": 0.0025670673300193193,
      "std": 0.005774105005391411,
      "min": -0.011851258219909955,
      "max": 0.016977316842073487,
      "p05": -0.006713492167565227,
      "p95": 0.011852765294446732,
      "n_outliers_high": 0,
      "n_outliers_low": 0
    },
    "g": {
      "n_marginals": 256,
      "mean": 0.008952910360871986,
      "std": 0.0028061934320816953,
      "min": 0.0028726685309290456,
      "max": 0.015029872548185663,
      "p05": 0.004302161717557373,
      "p95": 0.013606963658047644,
      "n_outliers_high": 0,
      "n_outliers_low": 0
    },
    "d": {
      "n_marginals": 256,
      "mean": 0.011477205952629757,
      "std": 0.007727527341433002,
      "min": -0.008238134689211751,
      "max": 0.031191796473068356,
      "p05": -0.0011226929914253114,
      "p95": 0.024076742895638215,
      "n_outliers_high": 0,
      "n_outliers_low": 0
    },
    "u": {
      "n_marginals": 256,
      "mean": 0.0035545870864128583,
      "std": 0.004900193883293714,
      "min": -0.008635972364206657,
      "max": 0.015738783512579957,
      "p05": -0.004465578026424777,
      "p95": 0.011574339383603471,
      "n_outliers_high": 0,
      "n_outliers_low": 0
    },
    "s": {
      "n_marginals": 256,
      "mean": 0.00630883432753306,
      "std": 0.004663773152259396,
      "min": -0.004349986080395274,
      "max": 0.016966110878590124,
      "p05": -0.0012080086694601366,
      "p95": 0.013823215545582745,
      "n_outliers_high": 0,
      "n_outliers_low": 0
    },
    "c": {
      "n_marginals": 256,
      "mean": 0.0012191299274186282,
      "std": 0.0021244191128516683,
      "min": -0.003978704187809212,
      "max": 0.006415996970144056,
      "p05": -0.002212388207051885,
      "p95": 0.0046522458903809905,
      "n_outliers_high": 0,
      "n_outliers_low": 0
    }
  }
}