{
  "timestamp": "2026-05-14T10:07:40.735239",
  "results": {
    "results_by_basis": {
      "flavor": {
        "shapley_values": {
          "cbar": 0.0032702067954763028,
          "sbar": 0.0034124953213699313,
          "ubar": 0.009809936756019079,
          "dbar": 0.002566555295456463,
          "g": 0.008952363759059369,
          "d": 0.011477511480353449,
          "u": 0.0035544597583568277,
          "s": 0.006309440110268713,
          "c": 0.0012186641134019794
        },
        "phi_even": {
          "cbar": 0.0032702067954763028,
          "sbar": 0.0034124953213699313,
          "ubar": 0.009809936756019079,
          "dbar": 0.002566555295456463,
          "g": 0.008952363759059369,
          "d": 0.011477511480353449,
          "u": 0.0035544597583568277,
          "s": 0.006309440110268713,
          "c": 0.0012186641134019794
        },
        "phi_odd": {
          "cbar": 0.0003779619680886051,
          "sbar": 0.00038024198734466514,
          "ubar": 0.0017513831134815928,
          "dbar": 0.0008991249770773012,
          "g": 0.0004889347052211827,
          "d": 0.0045064708487229386,
          "u": 0.00013539527632255605,
          "s": 0.0016565853305107055,
          "c": 0.00029055703221772316
        },
        "phi_odd_signed": {
          "cbar": 0.0003779619680886051,
          "sbar": 0.00038024198734466514,
          "ubar": 0.0017513831134815928,
          "dbar": -0.0008991249770773012,
          "g": -0.0004889347052211827,
          "d": 0.0045064708487229386,
          "u": 0.00013539527632255605,
          "s": 0.0016565853305107055,
          "c": 0.00029055703221772316
        },
        "sign_sensitivity_abs": {
          "cbar": 0.0003779619680886051,
          "sbar": 0.00038024198734466514,
          "ubar": 0.0017513831134815928,
          "dbar": 0.0008991249770773012,
          "g": 0.0004889347052211827,
          "d": 0.0045064708487229386,
          "u": 0.00013539527632255605,
          "s": 0.0016565853305107055,
          "c": 0.00029055703221772316
        },
        "shapley_values_per_replica": null,
        "phi_even_per_replica": null,
        "phi_odd_per_replica": null,
        "phi_odd_signed_per_replica": null,
        "shapley_values_per_sign_sample": null,
        "shapley_std": null,
        "std_even_rep": null,
        "shapley_err": null,
        "shapley_values_odd": {
          "cbar": 0.0003779619680886051,
          "sbar": 0.00038024198734466514,
          "ubar": 0.0017513831134815928,
          "dbar": 0.0008991249770773012,
          "g": 0.0004889347052211827,
          "d": 0.0045064708487229386,
          "u": 0.00013539527632255605,
          "s": 0.0016565853305107055,
          "c": 0.00029055703221772316
        },
        "shapley_odd_std": null,
        "std_odd_rep": null,
        "shapley_odd_err": null,
        "shapley_sign_std": null,
        "shapley_sign_err": null,
        "per_replica": false,
        "random_sign": false,
        "member_mode": "central",
        "n_sign_samples": 1,
        "antithetic_sign": false,
        "deterministic_sign_symmetrized": true,
        "random_seed": null,
        "baseline_chi2": 1.1425467209619293,
        "validation_checks": {
          "completeness_even": {
            "max_abs_diff": 6.938893903907228e-18,
            "tol": 1e-10,
            "pass": true
          },
          "completeness_odd": {
            "max_abs_diff": 1.734723475976807e-18,
            "tol": 1e-10,
            "pass": true
          },
          "empty_even_zero": {
            "max_abs_diff": 0.0,
            "tol": 1e-10,
            "pass": true
          },
          "empty_odd_zero": {
            "max_abs_diff": 0.0,
            "tol": 1e-10,
            "pass": true
          },
          "chi2_symmetry_residual": 0.018341843092974708,
          "odd_zero_if_symmetric": {
            "phi_odd_max_abs": 0.0045064708487229386,
            "tol": 1e-10,
            "pass": true
          },
          "even_vs_pm": {
            "max_abs_diff": 2.710505431213761e-17,
            "tol": 1e-10,
            "pass": true
          },
          "odd_vs_pm": {
            "max_abs_diff": 6.071532165918825e-18,
            "tol": 1e-10,
            "pass": true
          }
        },
        "coalitions_evaluated": 512,
        "theory_evaluations": 1023,
        "elapsed_seconds": 1752.4,
        "n_jobs": 16,
        "n_datasets_used": 82,
        "stabilization": {
          "enabled": true,
          "action": "exclude_dataset",
          "dataset_delta_chi2_threshold": 100000.0,
          "max_outlier_coalitions": 5,
          "stable_rerun_performed": false,
          "n_excluded_datasets": 0,
          "excluded_datasets": [],
          "report_json": "/home/dakshanshchawda/nnpdf/validphys2/src/validphys/shapley/sv_results/nnpdf40_physical/20260514_093633_physical_xscan_dense_evol/mu_31/stabilization_report_flavor.json"
        }
      }
    }
  },
  "metadata": {
    "runcard": "/home/dakshanshchawda/nnpdf/validphys2/src/validphys/shapley/runcards/nnpdf4.0_physical_dense.yaml",
    "pdf_name": "NNPDF40_nnlo_as_01180",
    "theory_id": 708,
    "n_datasets": 82,
    "n_replicas": 100,
    "perturbation": {
      "mu": 0.0263611772751,
      "sigma": 0.25,
      "amplitude": 1.0,
      "mode": "physical",
      "xspace": "logx",
      "per_replica": false,
      "random_sign": false,
      "member_mode": "central",
      "n_sign_samples": 1,
      "antithetic_sign": false,
      "deterministic_sign_symmetrized": true,
      "random_seed": null
    },
    "enforce_sumrules": false,
    "n_jobs": 16,
    "stabilization": {
      "enabled": true,
      "action": "exclude_dataset",
      "dataset_delta_chi2_threshold": 100000.0,
      "max_outlier_coalitions": 5,
      "rerun_stable": true
    }
  }
}