flavour,shapley_value
cbar,0.00327021
sbar,0.00341250
ubar,0.00980994
dbar,0.00256656
g,0.00895236
d,0.01147751
u,0.00355446
s,0.00630944
c,0.00121866
