flavour,shapley_value
cbar,0.00037796
sbar,0.00038024
ubar,0.00175138
dbar,0.00089912
g,0.00048893
d,0.00450647
u,0.00013540
s,0.00165659
c,0.00029056
