flavour,shapley_value
cbar,0.00083649
sbar,0.00023294
ubar,0.00079578
dbar,0.00023445
g,0.00009891
d,0.00026327
u,0.00087218
s,0.00025365
c,0.00084506
