flavour,shapley_value
cbar,0.00115840
sbar,0.00038742
ubar,0.00118149
dbar,0.00035750
g,-0.00113788
d,0.00035184
u,0.00124613
s,0.00038528
c,0.00115656
