{
  "outlier_n_sigma": 3.0,
  "chi2_stats": {
    "n_coalitions": 512,
    "mean": -1.809207953798464e-06,
    "std": 0.00014173179349156627,
    "min": -0.00020030411806515325,
    "max": 0.00020106903305538992,
    "median": -3.912967924679656e-06,
    "p95": 0.00020096963913882604,
    "p99": 0.00020104250579750627
  },
  "outlier_chi2_threshold": 0.00042338617252090033,
  "n_outlier_coalitions": 0,
  "outlier_coalitions": [],
  "per_player_marginals": {
    "cbar": {
      "n_marginals": 256,
      "mean": 2.6813910749753922e-08,
      "std": 3.853500572699707e-08,
      "min": -1.3116886021791174e-08,
      "max": 6.674521579874693e-08,
      "p05": -1.3103360063659863e-08,
      "p95": 6.673169183901706e-08,
      "n_outliers_high": 0,
      "n_outliers_low": 0
    },
    "sbar": {
      "n_marginals": 256,
      "mean": -0.00020411243686287162,
      "std": 4.292688516600913e-06,
      "min": -0.00020841023494710953,
      "max": -0.00019981464031681995,
      "p05": -0.00020840846662956158,
      "p95": -0.00019981640805616374,
      "n_outliers_high": 0,
      "n_outliers_low": 0
    },
    "ubar": {
      "n_marginals": 256,
      "mean": 1.7557379404509188e-09,
      "std": 2.2563901110340336e-08,
      "min": -2.1569245056696218e-08,
      "max": 2.5081019261463666e-08,
      "p05": -2.1561313512385993e-08,
      "p95": 2.5073088327776105e-08,
      "n_outliers_high": 0,
      "n_outliers_low": 0
    },
    "dbar": {
      "n_marginals": 256,
      "mean": -1.4769326456276488e-09,
      "std": 3.83230452881293e-11,
      "min": -1.5310528400647172e-09,
      "max": -1.4228125344573073e-09,
      "p05": -1.5310265277790336e-09,
      "p95": -1.4228389022541421e-09,
      "n_outliers_high": 0,
      "n_outliers_low": 0
    },
    "g": {
      "n_marginals": 256,
      "mean": -4.517890836268357e-07,
      "std": 1.1647830678976324e-10,
      "min": -4.5193720965563955e-07,
      "max": -4.5164096551530974e-07,
      "p05": -4.51937113288281e-07,
      "p95": -4.516410626598244e-07,
      "n_outliers_high": 0,
      "n_outliers_low": 0
    },
    "d": {
      "n_marginals": 256,
      "mean": -1.388317447115206e-09,
      "std": 3.3565471426180186e-11,
      "min": -1.4358225719490747e-09,
      "max": -1.3408130161707277e-09,
      "p05": -1.4357999233993723e-09,
      "p95": -1.3408343324528005e-09,
      "n_outliers_high": 0,
      "n_outliers_low": 0
    },
    "u": {
      "n_marginals": 256,
      "mean": 3.463170475913324e-08,
      "std": 2.1833680095475932e-08,
      "min": 1.1834978996816403e-08,
      "max": 5.7428688693406116e-08,
      "p05": 1.1842907265968705e-08,
      "p95": 5.742076103487648e-08,
      "n_outliers_high": 0,
      "n_outliers_low": 0
    },
    "s": {
      "n_marginals": 256,
      "mean": 0.00019664963195387998,
      "std": 4.2931388701563955e-06,
      "min": 0.00019223648652588743,
      "max": 0.00020106277891707158,
      "p05": 0.00019228022765488406,
      "p95": 0.00020101903728730885,
      "n_outliers_high": 0,
      "n_outliers_low": 0
    },
    "c": {
      "n_marginals": 256,
      "mean": 5.855399877983947e-08,
      "std": 3.7542993608779105e-08,
      "min": 1.9202668566364878e-08,
      "max": 9.790580723922915e-08,
      "p05": 1.9216296609503303e-08,
      "p95": 9.789217897404612e-08,
      "n_outliers_high": 0,
      "n_outliers_low": 0
    }
  }
}