{
  "timestamp": "2026-05-14T10:06:11.925800",
  "results": {
    "results_by_basis": {
      "flavor": {
        "shapley_values": {
          "cbar": 2.681382529830531e-08,
          "sbar": -0.000204112437119599,
          "ubar": 1.7556880074985185e-09,
          "dbar": -1.4769325610832848e-09,
          "g": -4.5178908206625603e-07,
          "d": -1.388317516680371e-09,
          "u": 3.4631661469857874e-08,
          "s": 0.00019664963169678691,
          "c": 5.855391859639912e-08
        },
        "phi_even": {
          "cbar": 2.681382529830531e-08,
          "sbar": -0.000204112437119599,
          "ubar": 1.7556880074985185e-09,
          "dbar": -1.4769325610832848e-09,
          "g": -4.5178908206625603e-07,
          "d": -1.388317516680371e-09,
          "u": 3.4631661469857874e-08,
          "s": 0.00019664963169678691,
          "c": 5.855391859639912e-08
        },
        "phi_odd": {
          "cbar": 2.667699660129945e-08,
          "sbar": 0.00020411191030173334,
          "ubar": 1.2026049488255746e-09,
          "dbar": 9.767658634299688e-10,
          "g": 4.5895333535748744e-07,
          "d": 1.0150132662938608e-09,
          "u": 3.5011072270034016e-08,
          "s": 0.0001966500684338704,
          "c": 5.885616595718055e-08
        },
        "phi_odd_signed": {
          "cbar": -2.667699660129945e-08,
          "sbar": 0.00020411191030173334,
          "ubar": -1.2026049488255746e-09,
          "dbar": 9.767658634299688e-10,
          "g": -4.5895333535748744e-07,
          "d": 1.0150132662938608e-09,
          "u": -3.5011072270034016e-08,
          "s": -0.0001966500684338704,
          "c": -5.885616595718055e-08
        },
        "sign_sensitivity_abs": {
          "cbar": 2.667699660129945e-08,
          "sbar": 0.00020411191030173334,
          "ubar": 1.2026049488255746e-09,
          "dbar": 9.767658634299688e-10,
          "g": 4.5895333535748744e-07,
          "d": 1.0150132662938608e-09,
          "u": 3.5011072270034016e-08,
          "s": 0.0001966500684338704,
          "c": 5.885616595718055e-08
        },
        "shapley_values_per_replica": null,
        "phi_even_per_replica": null,
        "phi_odd_per_replica": null,
        "phi_odd_signed_per_replica": null,
        "shapley_values_per_sign_sample": null,
        "shapley_std": null,
        "std_even_rep": null,
        "shapley_err": null,
        "shapley_values_odd": {
          "cbar": 2.667699660129945e-08,
          "sbar": 0.00020411191030173334,
          "ubar": 1.2026049488255746e-09,
          "dbar": 9.767658634299688e-10,
          "g": 4.5895333535748744e-07,
          "d": 1.0150132662938608e-09,
          "u": 3.5011072270034016e-08,
          "s": 0.0001966500684338704,
          "c": 5.885616595718055e-08
        },
        "shapley_odd_std": null,
        "std_odd_rep": null,
        "shapley_odd_err": null,
        "shapley_sign_std": null,
        "shapley_sign_err": null,
        "per_replica": false,
        "random_sign": false,
        "member_mode": "central",
        "n_sign_samples": 1,
        "antithetic_sign": false,
        "deterministic_sign_symmetrized": true,
        "random_seed": null,
        "baseline_chi2": 1.1425467209619293,
        "validation_checks": {
          "completeness_even": {
            "max_abs_diff": 7.623296525288703e-20,
            "tol": 1e-10,
            "pass": true
          },
          "completeness_odd": {
            "max_abs_diff": 8.724439356719293e-20,
            "tol": 1e-10,
            "pass": true
          },
          "empty_even_zero": {
            "max_abs_diff": 0.0,
            "tol": 1e-10,
            "pass": true
          },
          "empty_odd_zero": {
            "max_abs_diff": 0.0,
            "tol": 1e-10,
            "pass": true
          },
          "chi2_symmetry_residual": 0.00040305712609134403,
          "odd_zero_if_symmetric": {
            "phi_odd_max_abs": 0.00020411191030173334,
            "tol": 1e-10,
            "pass": true
          },
          "even_vs_pm": {
            "max_abs_diff": 2.559677980065332e-17,
            "tol": 1e-10,
            "pass": true
          },
          "odd_vs_pm": {
            "max_abs_diff": 8.131516293641283e-20,
            "tol": 1e-10,
            "pass": true
          }
        },
        "coalitions_evaluated": 512,
        "theory_evaluations": 1023,
        "elapsed_seconds": 1690.2,
        "n_jobs": 16,
        "n_datasets_used": 82,
        "stabilization": {
          "enabled": true,
          "action": "exclude_dataset",
          "dataset_delta_chi2_threshold": 100000.0,
          "max_outlier_coalitions": 5,
          "stable_rerun_performed": false,
          "n_excluded_datasets": 0,
          "excluded_datasets": [],
          "report_json": "/home/dakshanshchawda/nnpdf/validphys2/src/validphys/shapley/sv_results/nnpdf40_physical/20260514_093633_physical_xscan_dense_evol/mu_46/stabilization_report_flavor.json"
        }
      }
    }
  },
  "metadata": {
    "runcard": "/home/dakshanshchawda/nnpdf/validphys2/src/validphys/shapley/runcards/nnpdf4.0_physical_dense.yaml",
    "pdf_name": "NNPDF40_nnlo_as_01180",
    "theory_id": 708,
    "n_datasets": 82,
    "n_replicas": 100,
    "perturbation": {
      "mu": 0.428003383782,
      "sigma": 0.25,
      "amplitude": 1.0,
      "mode": "physical",
      "xspace": "logx",
      "per_replica": false,
      "random_sign": false,
      "member_mode": "central",
      "n_sign_samples": 1,
      "antithetic_sign": false,
      "deterministic_sign_symmetrized": true,
      "random_seed": null
    },
    "enforce_sumrules": false,
    "n_jobs": 16,
    "stabilization": {
      "enabled": true,
      "action": "exclude_dataset",
      "dataset_delta_chi2_threshold": 100000.0,
      "max_outlier_coalitions": 5,
      "rerun_stable": true
    }
  }
}