flavour,shapley_value
cbar,0.00000003
sbar,0.00020411
ubar,0.00000000
dbar,0.00000000
g,0.00000046
d,0.00000000
u,0.00000004
s,0.00019665
c,0.00000006
