{
  "outlier_n_sigma": 3.0,
  "chi2_stats": {
    "n_coalitions": 512,
    "mean": 0.002337449527625209,
    "std": 0.0015682234880519603,
    "min": -0.0007352039615031725,
    "max": 0.007841375039194132,
    "median": 0.0021736469253990087,
    "p95": 0.0050970899427299704,
    "p99": 0.006130168889400384
  },
  "outlier_chi2_threshold": 0.007042119991781089,
  "n_outlier_coalitions": 1,
  "outlier_coalitions": [
    {
      "coalition": [
        0,
        2,
        4,
        5,
        7
      ],
      "coalition_labels": [
        "cbar",
        "ubar",
        "g",
        "d",
        "s"
      ],
      "size": 5,
      "chi2": 0.007841375039194132,
      "z_score": 3.5096563426720975
    }
  ],
  "per_player_marginals": {
    "cbar": {
      "n_marginals": 256,
      "mean": 0.0008048354909378696,
      "std": 0.0009324396644028278,
      "min": -0.0012087321336309298,
      "max": 0.002815643949866109,
      "p05": -0.0007043303946826507,
      "p95": 0.002310489913229241,
      "n_outliers_high": 0,
      "n_outliers_low": 0
    },
    "sbar": {
      "n_marginals": 256,
      "mean": 0.0002417885485984225,
      "std": 0.0008272134471271399,
      "min": -0.001724964080875857,
      "max": 0.002205836071072831,
      "p05": -0.0010813068723418695,
      "p95": 0.0015625682913358308,
      "n_outliers_high": 0,
      "n_outliers_low": 0
    },
    "ubar": {
      "n_marginals": 256,
      "mean": 0.0012121012790017082,
      "std": 0.0014112064890435818,
      "min": -0.0022118007933897843,
      "max": 0.004635198708981214,
      "p05": -0.0011630853058552937,
      "p95": 0.0035861565009947527,
      "n_outliers_high": 0,
      "n_outliers_low": 0
    },
    "dbar": {
      "n_marginals": 256,
      "mean": 7.98035657457426e-05,
      "std": 0.0003892285098195204,
      "min": -0.0008724295888624667,
      "max": 0.0010320225828956975,
      "p05": -0.0005856094326988082,
      "p95": 0.0007444005735498527,
      "n_outliers_high": 0,
      "n_outliers_low": 0
    },
    "g": {
      "n_marginals": 256,
      "mean": 0.0017543956567072682,
      "std": 0.00018079753843681362,
      "min": 0.001398585556575238,
      "max": 0.0021103615410329457,
      "p05": 0.0014252320319913525,
      "p95": 0.0020832761626419227,
      "n_outliers_high": 0,
      "n_outliers_low": 0
    },
    "d": {
      "n_marginals": 256,
      "mean": 0.0002997271964871118,
      "std": 0.00042896688730045915,
      "min": -0.000720234873214487,
      "max": 0.001319003274024677,
      "p05": -0.0003974201755254092,
      "p95": 0.000996235296272574,
      "n_outliers_high": 0,
      "n_outliers_low": 0
    },
    "u": {
      "n_marginals": 256,
      "mean": 0.000933007103782039,
      "std": 0.0011407727156416444,
      "min": -0.0017348128449143907,
      "max": 0.003601964621460896,
      "p05": -0.0010093329144386654,
      "p95": 0.0028724408548208014,
      "n_outliers_high": 0,
      "n_outliers_low": 0
    },
    "s": {
      "n_marginals": 256,
      "mean": 0.00039567438659507317,
      "std": 0.001037038894120911,
      "min": -0.001982107075229944,
      "max": 0.0027694422217319214,
      "p05": -0.001255142960351785,
      "p95": 0.0020483854999160944,
      "n_outliers_high": 0,
      "n_outliers_low": 0
    },
    "c": {
      "n_marginals": 256,
      "mean": 0.00029349256074153677,
      "std": 0.0006774383213044659,
      "min": -0.0011476632985700785,
      "max": 0.0017330868657388088,
      "p05": -0.0008035837167448268,
      "p95": 0.001388701392063263,
      "n_outliers_high": 0,
      "n_outliers_low": 0
    }
  }
}