flavour,shapley_value
cbar,0.00031644
sbar,0.00010719
ubar,0.00041907
dbar,0.00001636
g,0.00163516
d,0.00023913
u,0.00075027
s,0.00001745
c,0.00004916
