flavour,shapley_value
cbar,0.00080487
sbar,0.00024171
ubar,0.00121172
dbar,0.00007976
g,0.00175440
d,0.00029969
u,0.00093274
s,0.00039549
c,0.00029348
