{
  "outlier_n_sigma": 3.0,
  "chi2_stats": {
    "n_coalitions": 512,
    "mean": -0.0001457733691449816,
    "std": 0.0001439151526487855,
    "min": -0.00029726918829520166,
    "max": 0.0,
    "median": -0.00014286085297632312,
    "p95": -1.7017234055227703e-07,
    "p99": -1.8935947112552757e-08
  },
  "outlier_chi2_threshold": 0.0002859720888013749,
  "n_outlier_coalitions": 0,
  "outlier_coalitions": [],
  "per_player_marginals": {
    "cbar": {
      "n_marginals": 256,
      "mean": -1.5359917138624973e-07,
      "std": 4.110717200714631e-08,
      "min": -1.968201233104594e-07,
      "max": -1.1037495650789708e-07,
      "p05": -1.96807387609077e-07,
      "p95": -1.1038768821247658e-07,
      "n_outliers_high": 0,
      "n_outliers_low": 0
    },
    "sbar": {
      "n_marginals": 256,
      "mean": -0.0002876339029633966,
      "std": 5.770720408612387e-06,
      "min": -0.00029340956892065506,
      "max": -0.0002818582384631618,
      "p05": -0.0002934086468031061,
      "p95": -0.0002818591638237278,
      "n_outliers_high": 0,
      "n_outliers_low": 0
    },
    "ubar": {
      "n_marginals": 256,
      "mean": -1.2166661682560392e-07,
      "std": 2.3634655265729425e-08,
      "min": -1.4621338961795516e-07,
      "max": -9.711703707893093e-08,
      "p05": -1.4620576249679829e-07,
      "p95": -9.712466081390758e-08,
      "n_outliers_high": 0,
      "n_outliers_low": 0
    },
    "dbar": {
      "n_marginals": 256,
      "mean": -1.7648201814865483e-09,
      "std": 1.4044125166042373e-10,
      "min": -1.9431343201148366e-09,
      "max": -1.5864911606655596e-09,
      "p05": -1.9431009024017953e-09,
      "p95": -1.5865248004232058e-09,
      "n_outliers_high": 0,
      "n_outliers_low": 0
    },
    "g": {
      "n_marginals": 256,
      "mean": -3.839126374001814e-07,
      "std": 1.1499944805778604e-10,
      "min": -3.840530529153341e-07,
      "max": -3.83772277734451e-07,
      "p05": -3.840529843590623e-07,
      "p95": -3.8377234629072277e-07,
      "n_outliers_high": 0,
      "n_outliers_low": 0
    },
    "d": {
      "n_marginals": 256,
      "mean": -1.964417764739601e-09,
      "std": 5.971934903527752e-11,
      "min": -2.0322534766137323e-09,
      "max": -1.896593548877945e-09,
      "p05": -2.0322004634643065e-09,
      "p95": -1.896646617538522e-09,
      "n_outliers_high": 0,
      "n_outliers_low": 0
    },
    "u": {
      "n_marginals": 256,
      "mean": 2.7200758060882957e-09,
      "std": 1.9444749792180294e-08,
      "min": -1.7063773505299196e-08,
      "max": 2.2502318230976925e-08,
      "p05": -1.7056248302615984e-08,
      "p95": 2.2494797968786173e-08,
      "n_outliers_high": 0,
      "n_outliers_low": 0
    },
    "s": {
      "n_marginals": 256,
      "mean": -8.918052585620874e-06,
      "std": 5.771042442796778e-06,
      "min": -1.4806224728713957e-05,
      "max": -3.029869893200754e-06,
      "p05": -1.4767172863527911e-05,
      "p95": -3.0689248381454703e-06,
      "n_outliers_high": 0,
      "n_outliers_low": 0
    },
    "c": {
      "n_marginals": 256,
      "mean": 1.0718804830701922e-08,
      "std": 3.3239912161955165e-08,
      "min": -2.383860731036691e-08,
      "max": 4.5273258031386376e-08,
      "p05": -2.3825717843095617e-08,
      "p95": 4.526037600260935e-08,
      "n_outliers_high": 0,
      "n_outliers_low": 0
    }
  }
}