{
  "timestamp": "2026-05-14T10:07:03.816192",
  "results": {
    "results_by_basis": {
      "flavor": {
        "shapley_values": {
          "cbar": -1.5359971855392078e-07,
          "sbar": -0.00028763390473013345,
          "ubar": -1.2166708694328495e-07,
          "dbar": -1.7648226841996411e-09,
          "g": -3.8391262809770494e-07,
          "d": -1.964419820108814e-09,
          "u": 2.7198082017606008e-09,
          "s": -8.918054354389504e-06,
          "c": 1.0718311905834885e-08
        },
        "phi_even": {
          "cbar": -1.5359971855392078e-07,
          "sbar": -0.00028763390473013345,
          "ubar": -1.2166708694328495e-07,
          "dbar": -1.7648226841996411e-09,
          "g": -3.8391262809770494e-07,
          "d": -1.964419820108814e-09,
          "u": 2.7198082017606008e-09,
          "s": -8.918054354389504e-06,
          "c": 1.0718311905834885e-08
        },
        "phi_odd": {
          "cbar": 1.561475781419565e-07,
          "sbar": 0.000287634096716012,
          "ubar": 1.2564788437179489e-07,
          "dbar": 2.0090118110991843e-09,
          "g": 3.8995870392684975e-07,
          "d": 2.879613274242399e-09,
          "u": 2.2492585800947465e-09,
          "s": 8.918805499669388e-06,
          "c": 1.04026546196347e-08
        },
        "phi_odd_signed": {
          "cbar": 1.561475781419565e-07,
          "sbar": 0.000287634096716012,
          "ubar": 1.2564788437179489e-07,
          "dbar": 2.0090118110991843e-09,
          "g": -3.8995870392684975e-07,
          "d": 2.879613274242399e-09,
          "u": -2.2492585800947465e-09,
          "s": 8.918805499669388e-06,
          "c": -1.04026546196347e-08
        },
        "sign_sensitivity_abs": {
          "cbar": 1.561475781419565e-07,
          "sbar": 0.000287634096716012,
          "ubar": 1.2564788437179489e-07,
          "dbar": 2.0090118110991843e-09,
          "g": 3.8995870392684975e-07,
          "d": 2.879613274242399e-09,
          "u": 2.2492585800947465e-09,
          "s": 8.918805499669388e-06,
          "c": 1.04026546196347e-08
        },
        "shapley_values_per_replica": null,
        "phi_even_per_replica": null,
        "phi_odd_per_replica": null,
        "phi_odd_signed_per_replica": null,
        "shapley_values_per_sign_sample": null,
        "shapley_std": null,
        "std_even_rep": null,
        "shapley_err": null,
        "shapley_values_odd": {
          "cbar": 1.561475781419565e-07,
          "sbar": 0.000287634096716012,
          "ubar": 1.2564788437179489e-07,
          "dbar": 2.0090118110991843e-09,
          "g": 3.8995870392684975e-07,
          "d": 2.879613274242399e-09,
          "u": 2.2492585800947465e-09,
          "s": 8.918805499669388e-06,
          "c": 1.04026546196347e-08
        },
        "shapley_odd_std": null,
        "std_odd_rep": null,
        "shapley_odd_err": null,
        "shapley_sign_std": null,
        "shapley_sign_err": null,
        "per_replica": false,
        "random_sign": false,
        "member_mode": "central",
        "n_sign_samples": 1,
        "antithetic_sign": false,
        "deterministic_sign_symmetrized": true,
        "random_seed": null,
        "baseline_chi2": 1.1425467209619293,
        "validation_checks": {
          "completeness_even": {
            "max_abs_diff": 0.0,
            "tol": 1e-10,
            "pass": true
          },
          "completeness_odd": {
            "max_abs_diff": 1.6263032587282567e-19,
            "tol": 1e-10,
            "pass": true
          },
          "empty_even_zero": {
            "max_abs_diff": 0.0,
            "tol": 1e-10,
            "pass": true
          },
          "empty_odd_zero": {
            "max_abs_diff": 0.0,
            "tol": 1e-10,
            "pass": true
          },
          "chi2_symmetry_residual": 0.0005937876488826266,
          "odd_zero_if_symmetric": {
            "phi_odd_max_abs": 0.000287634096716012,
            "tol": 1e-10,
            "pass": true
          },
          "even_vs_pm": {
            "max_abs_diff": 3.053113342534599e-17,
            "tol": 1e-10,
            "pass": true
          },
          "odd_vs_pm": {
            "max_abs_diff": 1.6940658945086007e-21,
            "tol": 1e-10,
            "pass": true
          }
        },
        "coalitions_evaluated": 512,
        "theory_evaluations": 1023,
        "elapsed_seconds": 1742.2,
        "n_jobs": 16,
        "n_datasets_used": 82,
        "stabilization": {
          "enabled": true,
          "action": "exclude_dataset",
          "dataset_delta_chi2_threshold": 100000.0,
          "max_outlier_coalitions": 5,
          "stable_rerun_performed": false,
          "n_excluded_datasets": 0,
          "excluded_datasets": [],
          "report_json": "/home/dakshanshchawda/nnpdf/validphys2/src/validphys/shapley/sv_results/nnpdf40_physical/20260514_093633_physical_xscan_dense_evol/mu_43/stabilization_report_flavor.json"
        }
      }
    }
  },
  "metadata": {
    "runcard": "/home/dakshanshchawda/nnpdf/validphys2/src/validphys/shapley/runcards/nnpdf4.0_physical_dense.yaml",
    "pdf_name": "NNPDF40_nnlo_as_01180",
    "theory_id": 708,
    "n_datasets": 82,
    "n_replicas": 100,
    "perturbation": {
      "mu": 0.245104182605,
      "sigma": 0.25,
      "amplitude": 1.0,
      "mode": "physical",
      "xspace": "logx",
      "per_replica": false,
      "random_sign": false,
      "member_mode": "central",
      "n_sign_samples": 1,
      "antithetic_sign": false,
      "deterministic_sign_symmetrized": true,
      "random_seed": null
    },
    "enforce_sumrules": false,
    "n_jobs": 16,
    "stabilization": {
      "enabled": true,
      "action": "exclude_dataset",
      "dataset_delta_chi2_threshold": 100000.0,
      "max_outlier_coalitions": 5,
      "rerun_stable": true
    }
  }
}