flavour,shapley_value
cbar,-0.00000015
sbar,-0.00028763
ubar,-0.00000012
dbar,-0.00000000
g,-0.00000038
d,-0.00000000
u,0.00000000
s,-0.00000892
c,0.00000001
