{
  "timestamp": "2026-05-14T10:10:17.042238",
  "results": {
    "results_by_basis": {
      "flavor": {
        "shapley_values": {
          "cbar": 0.0015663620812952147,
          "sbar": 0.0004925878486740894,
          "ubar": 0.0014358793910011522,
          "dbar": 0.00045026956878847356,
          "g": -0.0008917096208835794,
          "d": 0.0003931531205518301,
          "u": 0.001520730961592265,
          "s": 0.00047190018917914363,
          "c": 0.0015681432751167112
        },
        "phi_even": {
          "cbar": 0.0015663620812952147,
          "sbar": 0.0004925878486740894,
          "ubar": 0.0014358793910011522,
          "dbar": 0.00045026956878847356,
          "g": -0.0008917096208835794,
          "d": 0.0003931531205518301,
          "u": 0.001520730961592265,
          "s": 0.00047190018917914363,
          "c": 0.0015681432751167112
        },
        "phi_odd": {
          "cbar": 0.00097052890437921,
          "sbar": 0.00024314672093155216,
          "ubar": 0.0008311921140731651,
          "dbar": 0.00022585331885300745,
          "g": 0.0006832701371804368,
          "d": 0.0002537022765429577,
          "u": 0.0008877567206707999,
          "s": 0.0002744572369025618,
          "c": 0.0009868938229156145
        },
        "phi_odd_signed": {
          "cbar": 0.00097052890437921,
          "sbar": 0.00024314672093155216,
          "ubar": 0.0008311921140731651,
          "dbar": 0.00022585331885300745,
          "g": 0.0006832701371804368,
          "d": 0.0002537022765429577,
          "u": 0.0008877567206707999,
          "s": 0.0002744572369025618,
          "c": 0.0009868938229156145
        },
        "sign_sensitivity_abs": {
          "cbar": 0.00097052890437921,
          "sbar": 0.00024314672093155216,
          "ubar": 0.0008311921140731651,
          "dbar": 0.00022585331885300745,
          "g": 0.0006832701371804368,
          "d": 0.0002537022765429577,
          "u": 0.0008877567206707999,
          "s": 0.0002744572369025618,
          "c": 0.0009868938229156145
        },
        "shapley_values_per_replica": null,
        "phi_even_per_replica": null,
        "phi_odd_per_replica": null,
        "phi_odd_signed_per_replica": null,
        "shapley_values_per_sign_sample": null,
        "shapley_std": null,
        "std_even_rep": null,
        "shapley_err": null,
        "shapley_values_odd": {
          "cbar": 0.00097052890437921,
          "sbar": 0.00024314672093155216,
          "ubar": 0.0008311921140731651,
          "dbar": 0.00022585331885300745,
          "g": 0.0006832701371804368,
          "d": 0.0002537022765429577,
          "u": 0.0008877567206707999,
          "s": 0.0002744572369025618,
          "c": 0.0009868938229156145
        },
        "shapley_odd_std": null,
        "std_odd_rep": null,
        "shapley_odd_err": null,
        "shapley_sign_std": null,
        "shapley_sign_err": null,
        "per_replica": false,
        "random_sign": false,
        "member_mode": "central",
        "n_sign_samples": 1,
        "antithetic_sign": false,
        "deterministic_sign_symmetrized": true,
        "random_seed": null,
        "baseline_chi2": 1.1425467209619293,
        "validation_checks": {
          "completeness_even": {
            "max_abs_diff": 1.734723475976807e-18,
            "tol": 1e-10,
            "pass": true
          },
          "completeness_odd": {
            "max_abs_diff": 0.0,
            "tol": 1e-10,
            "pass": true
          },
          "empty_even_zero": {
            "max_abs_diff": 0.0,
            "tol": 1e-10,
            "pass": true
          },
          "empty_odd_zero": {
            "max_abs_diff": 0.0,
            "tol": 1e-10,
            "pass": true
          },
          "chi2_symmetry_residual": 0.010713602504898612,
          "odd_zero_if_symmetric": {
            "phi_odd_max_abs": 0.0009868938229156145,
            "tol": 1e-10,
            "pass": true
          },
          "even_vs_pm": {
            "max_abs_diff": 4.185020385794047e-17,
            "tol": 1e-10,
            "pass": true
          },
          "odd_vs_pm": {
            "max_abs_diff": 5.421010862427522e-19,
            "tol": 1e-10,
            "pass": true
          }
        },
        "coalitions_evaluated": 512,
        "theory_evaluations": 1023,
        "elapsed_seconds": 1905.9,
        "n_jobs": 16,
        "n_datasets_used": 82,
        "stabilization": {
          "enabled": true,
          "action": "exclude_dataset",
          "dataset_delta_chi2_threshold": 100000.0,
          "max_outlier_coalitions": 5,
          "stable_rerun_performed": false,
          "n_excluded_datasets": 0,
          "excluded_datasets": [],
          "report_json": "/home/dakshanshchawda/nnpdf/validphys2/src/validphys/shapley/sv_results/nnpdf40_physical/20260514_093633_physical_xscan_dense_evol/mu_05/stabilization_report_flavor.json"
        }
      }
    }
  },
  "metadata": {
    "runcard": "/home/dakshanshchawda/nnpdf/validphys2/src/validphys/shapley/runcards/nnpdf4.0_physical_dense.yaml",
    "pdf_name": "NNPDF40_nnlo_as_01180",
    "theory_id": 708,
    "n_datasets": 82,
    "n_replicas": 100,
    "perturbation": {
      "mu": 0.000210278711361,
      "sigma": 0.25,
      "amplitude": 1.0,
      "mode": "physical",
      "xspace": "logx",
      "per_replica": false,
      "random_sign": false,
      "member_mode": "central",
      "n_sign_samples": 1,
      "antithetic_sign": false,
      "deterministic_sign_symmetrized": true,
      "random_seed": null
    },
    "enforce_sumrules": false,
    "n_jobs": 16,
    "stabilization": {
      "enabled": true,
      "action": "exclude_dataset",
      "dataset_delta_chi2_threshold": 100000.0,
      "max_outlier_coalitions": 5,
      "rerun_stable": true
    }
  }
}