flavour,shapley_value
cbar,0.00097053
sbar,0.00024315
ubar,0.00083119
dbar,0.00022585
g,0.00068327
d,0.00025370
u,0.00088776
s,0.00027446
c,0.00098689
