flavour,shapley_value
cbar,0.00156636
sbar,0.00049259
ubar,0.00143588
dbar,0.00045027
g,-0.00089171
d,0.00039315
u,0.00152073
s,0.00047190
c,0.00156814
