{
  "timestamp": "2026-05-14T10:05:35.626732",
  "results": {
    "results_by_basis": {
      "flavor": {
        "shapley_values": {
          "cbar": 0.001825699301888578,
          "sbar": 0.0006477733103656123,
          "ubar": 0.001549263540941365,
          "dbar": 0.0006658572030956646,
          "g": -0.0002628744895704482,
          "d": 0.0004753711046724765,
          "u": 0.001718418152022575,
          "s": 0.0005892626767605547,
          "c": 0.001837919512552267
        },
        "phi_even": {
          "cbar": 0.001825699301888578,
          "sbar": 0.0006477733103656123,
          "ubar": 0.001549263540941365,
          "dbar": 0.0006658572030956646,
          "g": -0.0002628744895704482,
          "d": 0.0004753711046724765,
          "u": 0.001718418152022575,
          "s": 0.0005892626767605547,
          "c": 0.001837919512552267
        },
        "phi_odd": {
          "cbar": 0.0008657730529009654,
          "sbar": 0.00021164084280185971,
          "ubar": 0.0005741526460167094,
          "dbar": 7.788501684225433e-05,
          "g": 0.0014633541483408997,
          "d": 0.0002715734877243658,
          "u": 0.0006587609324965458,
          "s": 0.00026975969912654507,
          "c": 0.0008805500489816702
        },
        "phi_odd_signed": {
          "cbar": 0.0008657730529009654,
          "sbar": 0.00021164084280185971,
          "ubar": 0.0005741526460167094,
          "dbar": 7.788501684225433e-05,
          "g": 0.0014633541483408997,
          "d": 0.0002715734877243658,
          "u": 0.0006587609324965458,
          "s": 0.00026975969912654507,
          "c": 0.0008805500489816702
        },
        "sign_sensitivity_abs": {
          "cbar": 0.0008657730529009654,
          "sbar": 0.00021164084280185971,
          "ubar": 0.0005741526460167094,
          "dbar": 7.788501684225433e-05,
          "g": 0.0014633541483408997,
          "d": 0.0002715734877243658,
          "u": 0.0006587609324965458,
          "s": 0.00026975969912654507,
          "c": 0.0008805500489816702
        },
        "shapley_values_per_replica": null,
        "phi_even_per_replica": null,
        "phi_odd_per_replica": null,
        "phi_odd_signed_per_replica": null,
        "shapley_values_per_sign_sample": null,
        "shapley_std": null,
        "std_even_rep": null,
        "shapley_err": null,
        "shapley_values_odd": {
          "cbar": 0.0008657730529009654,
          "sbar": 0.00021164084280185971,
          "ubar": 0.0005741526460167094,
          "dbar": 7.788501684225433e-05,
          "g": 0.0014633541483408997,
          "d": 0.0002715734877243658,
          "u": 0.0006587609324965458,
          "s": 0.00026975969912654507,
          "c": 0.0008805500489816702
        },
        "shapley_odd_std": null,
        "std_odd_rep": null,
        "shapley_odd_err": null,
        "shapley_sign_std": null,
        "shapley_sign_err": null,
        "per_replica": false,
        "random_sign": false,
        "member_mode": "central",
        "n_sign_samples": 1,
        "antithetic_sign": false,
        "deterministic_sign_symmetrized": true,
        "random_seed": null,
        "baseline_chi2": 1.1425467209619293,
        "validation_checks": {
          "completeness_even": {
            "max_abs_diff": 0.0,
            "tol": 1e-10,
            "pass": true
          },
          "completeness_odd": {
            "max_abs_diff": 1.734723475976807e-18,
            "tol": 1e-10,
            "pass": true
          },
          "empty_even_zero": {
            "max_abs_diff": 0.0,
            "tol": 1e-10,
            "pass": true
          },
          "empty_odd_zero": {
            "max_abs_diff": 0.0,
            "tol": 1e-10,
            "pass": true
          },
          "chi2_symmetry_residual": 0.010546899750463634,
          "odd_zero_if_symmetric": {
            "phi_odd_max_abs": 0.0014633541483408997,
            "tol": 1e-10,
            "pass": true
          },
          "even_vs_pm": {
            "max_abs_diff": 2.802662615875029e-17,
            "tol": 1e-10,
            "pass": true
          },
          "odd_vs_pm": {
            "max_abs_diff": 1.0842021724855044e-18,
            "tol": 1e-10,
            "pass": true
          }
        },
        "coalitions_evaluated": 512,
        "theory_evaluations": 1023,
        "elapsed_seconds": 1654.1,
        "n_jobs": 16,
        "n_datasets_used": 82,
        "stabilization": {
          "enabled": true,
          "action": "exclude_dataset",
          "dataset_delta_chi2_threshold": 100000.0,
          "max_outlier_coalitions": 5,
          "stable_rerun_performed": false,
          "n_excluded_datasets": 0,
          "excluded_datasets": [],
          "report_json": "/home/dakshanshchawda/nnpdf/validphys2/src/validphys/shapley/sv_results/nnpdf40_physical/20260514_093633_physical_xscan_dense_evol/mu_07/stabilization_report_flavor.json"
        }
      }
    }
  },
  "metadata": {
    "runcard": "/home/dakshanshchawda/nnpdf/validphys2/src/validphys/shapley/runcards/nnpdf4.0_physical_dense.yaml",
    "pdf_name": "NNPDF40_nnlo_as_01180",
    "theory_id": 708,
    "n_datasets": 82,
    "n_replicas": 100,
    "perturbation": {
      "mu": 0.000304924949343,
      "sigma": 0.25,
      "amplitude": 1.0,
      "mode": "physical",
      "xspace": "logx",
      "per_replica": false,
      "random_sign": false,
      "member_mode": "central",
      "n_sign_samples": 1,
      "antithetic_sign": false,
      "deterministic_sign_symmetrized": true,
      "random_seed": null
    },
    "enforce_sumrules": false,
    "n_jobs": 16,
    "stabilization": {
      "enabled": true,
      "action": "exclude_dataset",
      "dataset_delta_chi2_threshold": 100000.0,
      "max_outlier_coalitions": 5,
      "rerun_stable": true
    }
  }
}