flavour,shapley_value
cbar,0.00182570
sbar,0.00064777
ubar,0.00154926
dbar,0.00066586
g,-0.00026287
d,0.00047537
u,0.00171842
s,0.00058926
c,0.00183792
