flavour,shapley_value
cbar,0.00086577
sbar,0.00021164
ubar,0.00057415
dbar,0.00007789
g,0.00146335
d,0.00027157
u,0.00065876
s,0.00026976
c,0.00088055
