{
  "outlier_n_sigma": 3.0,
  "chi2_stats": {
    "n_coalitions": 512,
    "mean": 0.009494473847489457,
    "std": 0.0047780343019662806,
    "min": 0.0,
    "max": 0.023119892337301717,
    "median": 0.009014655668496463,
    "p95": 0.018383690927958083,
    "p99": 0.02152626332507943
  },
  "outlier_chi2_threshold": 0.0238285767533883,
  "n_outlier_coalitions": 0,
  "outlier_coalitions": [],
  "per_player_marginals": {
    "cbar": {
      "n_marginals": 256,
      "mean": 0.0022884009592880295,
      "std": 0.0010782334366886523,
      "min": -0.00022052666017824407,
      "max": 0.004799009702365353,
      "p05": 0.0005962046401308263,
      "p95": 0.003979537081720552,
      "n_outliers_high": 0,
      "n_outliers_low": 0
    },
    "sbar": {
      "n_marginals": 256,
      "mean": 0.0024107565258067063,
      "std": 0.0024129214837889427,
      "min": -0.0022017436138914714,
      "max": 0.0070239551930473265,
      "p05": -0.0015208116617262957,
      "p95": 0.006341421836958072,
      "n_outliers_high": 0,
      "n_outliers_low": 0
    },
    "ubar": {
      "n_marginals": 256,
      "mean": 0.0036174987459665136,
      "std": 0.0016168971493137274,
      "min": -5.316700153423781e-05,
      "max": 0.007288734954372433,
      "p05": 0.0007574072863533732,
      "p95": 0.006478001619335649,
      "n_outliers_high": 0,
      "n_outliers_low": 0
    },
    "dbar": {
      "n_marginals": 256,
      "mean": 0.0030735709397228935,
      "std": 0.0040813388831778055,
      "min": -0.006466462936507211,
      "max": 0.012612360641827358,
      "p05": -0.00367061869176305,
      "p95": 0.009817460075870976,
      "n_outliers_high": 0,
      "n_outliers_low": 0
    },
    "g": {
      "n_marginals": 256,
      "mean": 0.0011114105230690145,
      "std": 0.0002623037098893018,
      "min": 0.00048430411452038413,
      "max": 0.0017383758291777962,
      "p05": 0.0007173737348413201,
      "p95": 0.0015053806626569854,
      "n_outliers_high": 0,
      "n_outliers_low": 0
    },
    "d": {
      "n_marginals": 256,
      "mean": 0.0019656116350478025,
      "std": 0.003567145768289776,
      "min": -0.005560297304325834,
      "max": 0.009492167123605677,
      "p05": -0.003734353451226191,
      "p95": 0.007665416269684033,
      "n_outliers_high": 0,
      "n_outliers_low": 0
    },
    "u": {
      "n_marginals": 256,
      "mean": 0.004393022495109463,
      "std": 0.0016742902362707854,
      "min": 0.0008033003610590228,
      "max": 0.007982791160477065,
      "p05": 0.0015706857406200259,
      "p95": 0.007215339038503077,
      "n_outliers_high": 0,
      "n_outliers_low": 0
    },
    "s": {
      "n_marginals": 256,
      "mean": 0.0018907142973612753,
      "std": 0.0026643974042403285,
      "min": -0.0033947685014144025,
      "max": 0.007177878052235798,
      "p05": -0.0023858156538798525,
      "p95": 0.006165649207606372,
      "n_outliers_high": 0,
      "n_outliers_low": 0
    },
    "c": {
      "n_marginals": 256,
      "mean": 0.002202171920553323,
      "std": 0.000936896870654267,
      "min": 0.0001335051200683779,
      "max": 0.004271516375868201,
      "p05": 0.0006576669725700257,
      "p95": 0.003747214908934038,
      "n_outliers_high": 0,
      "n_outliers_low": 0
    }
  }
}