{
  "timestamp": "2026-05-14T10:03:41.276357",
  "results": {
    "results_by_basis": {
      "flavor": {
        "shapley_values": {
          "cbar": 0.0022883978265683448,
          "sbar": 0.0024107358136667605,
          "ubar": 0.0036175182215442006,
          "dbar": 0.0030736337423798955,
          "g": 0.0011114322139189668,
          "d": 0.00196571735980066,
          "u": 0.004393025277720996,
          "s": 0.0018906557539808406,
          "c": 0.002202229630396436
        },
        "phi_even": {
          "cbar": 0.0022883978265683448,
          "sbar": 0.0024107358136667605,
          "ubar": 0.0036175182215442006,
          "dbar": 0.0030736337423798955,
          "g": 0.0011114322139189668,
          "d": 0.00196571735980066,
          "u": 0.004393025277720996,
          "s": 0.0018906557539808406,
          "c": 0.002202229630396436
        },
        "phi_odd": {
          "cbar": 0.0014946273990648425,
          "sbar": 0.001437371566591924,
          "ubar": 0.0020561096525014266,
          "dbar": 0.0021395385449718917,
          "g": 0.00012368679286376406,
          "d": 0.0007925640335610777,
          "u": 0.0002447687746658324,
          "s": 0.0004808676959239508,
          "c": 0.0012363598784294865
        },
        "phi_odd_signed": {
          "cbar": 0.0014946273990648425,
          "sbar": 0.001437371566591924,
          "ubar": 0.0020561096525014266,
          "dbar": 0.0021395385449718917,
          "g": -0.00012368679286376406,
          "d": 0.0007925640335610777,
          "u": 0.0002447687746658324,
          "s": 0.0004808676959239508,
          "c": 0.0012363598784294865
        },
        "sign_sensitivity_abs": {
          "cbar": 0.0014946273990648425,
          "sbar": 0.001437371566591924,
          "ubar": 0.0020561096525014266,
          "dbar": 0.0021395385449718917,
          "g": 0.00012368679286376406,
          "d": 0.0007925640335610777,
          "u": 0.0002447687746658324,
          "s": 0.0004808676959239508,
          "c": 0.0012363598784294865
        },
        "shapley_values_per_replica": null,
        "phi_even_per_replica": null,
        "phi_odd_per_replica": null,
        "phi_odd_signed_per_replica": null,
        "shapley_values_per_sign_sample": null,
        "shapley_std": null,
        "std_even_rep": null,
        "shapley_err": null,
        "shapley_values_odd": {
          "cbar": 0.0014946273990648425,
          "sbar": 0.001437371566591924,
          "ubar": 0.0020561096525014266,
          "dbar": 0.0021395385449718917,
          "g": 0.00012368679286376406,
          "d": 0.0007925640335610777,
          "u": 0.0002447687746658324,
          "s": 0.0004808676959239508,
          "c": 0.0012363598784294865
        },
        "shapley_odd_std": null,
        "std_odd_rep": null,
        "shapley_odd_err": null,
        "shapley_sign_std": null,
        "shapley_sign_err": null,
        "per_replica": false,
        "random_sign": false,
        "member_mode": "central",
        "n_sign_samples": 1,
        "antithetic_sign": false,
        "deterministic_sign_symmetrized": true,
        "random_seed": null,
        "baseline_chi2": 1.1425467209619293,
        "validation_checks": {
          "completeness_even": {
            "max_abs_diff": 0.0,
            "tol": 1e-10,
            "pass": true
          },
          "completeness_odd": {
            "max_abs_diff": 1.734723475976807e-18,
            "tol": 1e-10,
            "pass": true
          },
          "empty_even_zero": {
            "max_abs_diff": 0.0,
            "tol": 1e-10,
            "pass": true
          },
          "empty_odd_zero": {
            "max_abs_diff": 0.0,
            "tol": 1e-10,
            "pass": true
          },
          "chi2_symmetry_residual": 0.019730546882903655,
          "odd_zero_if_symmetric": {
            "phi_odd_max_abs": 0.0021395385449718917,
            "tol": 1e-10,
            "pass": true
          },
          "even_vs_pm": {
            "max_abs_diff": 3.0357660829594124e-17,
            "tol": 1e-10,
            "pass": true
          },
          "odd_vs_pm": {
            "max_abs_diff": 1.1926223897340549e-18,
            "tol": 1e-10,
            "pass": true
          }
        },
        "coalitions_evaluated": 512,
        "theory_evaluations": 1023,
        "elapsed_seconds": 1535.7,
        "n_jobs": 16,
        "n_datasets_used": 82,
        "stabilization": {
          "enabled": true,
          "action": "exclude_dataset",
          "dataset_delta_chi2_threshold": 100000.0,
          "max_outlier_coalitions": 5,
          "stable_rerun_performed": false,
          "n_excluded_datasets": 0,
          "excluded_datasets": [],
          "report_json": "/home/dakshanshchawda/nnpdf/validphys2/src/validphys/shapley/sv_results/nnpdf40_physical/20260514_093633_physical_xscan_dense_evol/mu_22/stabilization_report_flavor.json"
        }
      }
    }
  },
  "metadata": {
    "runcard": "/home/dakshanshchawda/nnpdf/validphys2/src/validphys/shapley/runcards/nnpdf4.0_physical_dense.yaml",
    "pdf_name": "NNPDF40_nnlo_as_01180",
    "theory_id": 708,
    "n_datasets": 82,
    "n_replicas": 100,
    "perturbation": {
      "mu": 0.00495079975968,
      "sigma": 0.25,
      "amplitude": 1.0,
      "mode": "physical",
      "xspace": "logx",
      "per_replica": false,
      "random_sign": false,
      "member_mode": "central",
      "n_sign_samples": 1,
      "antithetic_sign": false,
      "deterministic_sign_symmetrized": true,
      "random_seed": null
    },
    "enforce_sumrules": false,
    "n_jobs": 16,
    "stabilization": {
      "enabled": true,
      "action": "exclude_dataset",
      "dataset_delta_chi2_threshold": 100000.0,
      "max_outlier_coalitions": 5,
      "rerun_stable": true
    }
  }
}