flavour,shapley_value
cbar,0.00149463
sbar,0.00143737
ubar,0.00205611
dbar,0.00213954
g,0.00012369
d,0.00079256
u,0.00024477
s,0.00048087
c,0.00123636
