flavour,shapley_value
cbar,0.00228840
sbar,0.00241074
ubar,0.00361752
dbar,0.00307363
g,0.00111143
d,0.00196572
u,0.00439303
s,0.00189066
c,0.00220223
