{
  "outlier_n_sigma": 3.0,
  "chi2_stats": {
    "n_coalitions": 512,
    "mean": -0.0004014638859699566,
    "std": 0.0004436994132235395,
    "min": -0.0010910002136481634,
    "max": 0.00015259468493211692,
    "median": -0.00032128753221505324,
    "p95": 0.0001423596335785149,
    "p99": 0.0001495768364648864
  },
  "outlier_chi2_threshold": 0.000929634353700662,
  "n_outlier_coalitions": 0,
  "outlier_coalitions": [],
  "per_player_marginals": {
    "cbar": {
      "n_marginals": 256,
      "mean": -4.003820508034425e-05,
      "std": 4.842088117662284e-05,
      "min": -9.668218172009801e-05,
      "max": 1.660471804854069e-05,
      "p05": -9.637866306994036e-05,
      "p95": 1.630223027987432e-05,
      "n_outliers_high": 0,
      "n_outliers_low": 0
    },
    "sbar": {
      "n_marginals": 256,
      "mean": -0.00019987477789561864,
      "std": 0.00036350791766596535,
      "min": -0.0006038169431157314,
      "max": 0.00020405740323625743,
      "p05": -0.0005961292832245002,
      "p95": 0.00019639293196549445,
      "n_outliers_high": 0,
      "n_outliers_low": 0
    },
    "ubar": {
      "n_marginals": 256,
      "mean": -2.695942643702806e-05,
      "std": 2.5273715135897423e-05,
      "min": -5.696313105851836e-05,
      "max": 3.05568754899177e-06,
      "p05": -5.676215539512919e-05,
      "p95": 2.8548601797018236e-06,
      "n_outliers_high": 0,
      "n_outliers_low": 0
    },
    "dbar": {
      "n_marginals": 256,
      "mean": -2.6593198962365783e-08,
      "std": 4.0116111287348847e-07,
      "min": -6.184898371230929e-07,
      "max": 5.656461261605017e-07,
      "p05": -6.055375520452877e-07,
      "p95": 5.526754510154497e-07,
      "n_outliers_high": 0,
      "n_outliers_low": 0
    },
    "g": {
      "n_marginals": 256,
      "mean": 3.042569153375446e-06,
      "std": 3.8673624391076765e-08,
      "min": 2.993488839253544e-06,
      "max": 3.0913289832401603e-06,
      "p05": 2.9977908300171663e-06,
      "p95": 3.0870674427307954e-06,
      "n_outliers_high": 0,
      "n_outliers_low": 0
    },
    "d": {
      "n_marginals": 256,
      "mean": 2.1344529935532486e-07,
      "std": 7.787848640976579e-07,
      "min": -7.549130711659302e-07,
      "max": 1.182145488387576e-06,
      "p05": -7.405893625578308e-07,
      "p95": 1.1677907850726754e-06,
      "n_outliers_high": 0,
      "n_outliers_low": 0
    },
    "u": {
      "n_marginals": 256,
      "mean": -8.052224054561075e-06,
      "std": 1.0702294473997014e-05,
      "min": -2.303951178062036e-05,
      "max": 6.94264771183839e-06,
      "p05": -2.2849648831091418e-05,
      "p95": 6.752651027785994e-06,
      "n_outliers_high": 0,
      "n_outliers_low": 0
    },
    "s": {
      "n_marginals": 256,
      "mean": -0.0007802707248925084,
      "std": 0.0003668792447583933,
      "min": -0.0012309483092844964,
      "max": -0.00032958613607192433,
      "p05": -0.001220840615182961,
      "p95": -0.0003396782018665334,
      "n_outliers_high": 0,
      "n_outliers_low": 0
    },
    "c": {
      "n_marginals": 256,
      "mean": -3.3622944771712765e-05,
      "std": 2.2419412903419636e-05,
      "min": -6.462056944522843e-05,
      "max": -2.6303872708854925e-06,
      "p05": -6.428265903946073e-05,
      "p95": -2.967950593457669e-06,
      "n_outliers_high": 0,
      "n_outliers_low": 0
    }
  }
}