{
  "timestamp": "2026-05-14T10:13:21.587589",
  "results": {
    "results_by_basis": {
      "flavor": {
        "shapley_values": {
          "cbar": -4.003826741842152e-05,
          "sbar": -0.00019987731564077212,
          "ubar": -2.696158417165677e-05,
          "dbar": -2.6654316549415272e-08,
          "g": 3.0426060879992923e-06,
          "d": 2.1338260320728314e-07,
          "u": -8.053508015752411e-06,
          "s": -0.0007802733565368104,
          "c": -3.3622253798157164e-05
        },
        "phi_even": {
          "cbar": -4.003826741842152e-05,
          "sbar": -0.00019987731564077212,
          "ubar": -2.696158417165677e-05,
          "dbar": -2.6654316549415272e-08,
          "g": 3.0426060879992923e-06,
          "d": 2.1338260320728314e-07,
          "u": -8.053508015752411e-06,
          "s": -0.0007802733565368104,
          "c": -3.3622253798157164e-05
        },
        "phi_odd": {
          "cbar": 4.11524950675751e-05,
          "sbar": 0.0002000796285575321,
          "ubar": 2.83472594536844e-05,
          "dbar": 1.7927442007394122e-07,
          "g": 3.015019922457681e-06,
          "d": 5.743800610171488e-07,
          "u": 8.450951817980397e-06,
          "s": 0.0007809890370680661,
          "c": 3.422923114737861e-05
        },
        "phi_odd_signed": {
          "cbar": 4.11524950675751e-05,
          "sbar": 0.0002000796285575321,
          "ubar": 2.83472594536844e-05,
          "dbar": 1.7927442007394122e-07,
          "g": 3.015019922457681e-06,
          "d": 5.743800610171488e-07,
          "u": 8.450951817980397e-06,
          "s": 0.0007809890370680661,
          "c": 3.422923114737861e-05
        },
        "sign_sensitivity_abs": {
          "cbar": 4.11524950675751e-05,
          "sbar": 0.0002000796285575321,
          "ubar": 2.83472594536844e-05,
          "dbar": 1.7927442007394122e-07,
          "g": 3.015019922457681e-06,
          "d": 5.743800610171488e-07,
          "u": 8.450951817980397e-06,
          "s": 0.0007809890370680661,
          "c": 3.422923114737861e-05
        },
        "shapley_values_per_replica": null,
        "phi_even_per_replica": null,
        "phi_odd_per_replica": null,
        "phi_odd_signed_per_replica": null,
        "shapley_values_per_sign_sample": null,
        "shapley_std": null,
        "std_even_rep": null,
        "shapley_err": null,
        "shapley_values_odd": {
          "cbar": 4.11524950675751e-05,
          "sbar": 0.0002000796285575321,
          "ubar": 2.83472594536844e-05,
          "dbar": 1.7927442007394122e-07,
          "g": 3.015019922457681e-06,
          "d": 5.743800610171488e-07,
          "u": 8.450951817980397e-06,
          "s": 0.0007809890370680661,
          "c": 3.422923114737861e-05
        },
        "shapley_odd_std": null,
        "std_odd_rep": null,
        "shapley_odd_err": null,
        "shapley_sign_std": null,
        "shapley_sign_err": null,
        "per_replica": false,
        "random_sign": false,
        "member_mode": "central",
        "n_sign_samples": 1,
        "antithetic_sign": false,
        "deterministic_sign_symmetrized": true,
        "random_seed": null,
        "baseline_chi2": 1.1425467209619293,
        "validation_checks": {
          "completeness_even": {
            "max_abs_diff": 4.336808689942018e-19,
            "tol": 1e-10,
            "pass": true
          },
          "completeness_odd": {
            "max_abs_diff": 6.505213034913027e-19,
            "tol": 1e-10,
            "pass": true
          },
          "empty_even_zero": {
            "max_abs_diff": 0.0,
            "tol": 1e-10,
            "pass": true
          },
          "empty_odd_zero": {
            "max_abs_diff": 0.0,
            "tol": 1e-10,
            "pass": true
          },
          "chi2_symmetry_residual": 0.0021948137026537307,
          "odd_zero_if_symmetric": {
            "phi_odd_max_abs": 0.0007809890370680661,
            "tol": 1e-10,
            "pass": true
          },
          "even_vs_pm": {
            "max_abs_diff": 2.415060339211461e-17,
            "tol": 1e-10,
            "pass": true
          },
          "odd_vs_pm": {
            "max_abs_diff": 2.710505431213761e-20,
            "tol": 1e-10,
            "pass": true
          }
        },
        "coalitions_evaluated": 512,
        "theory_evaluations": 1023,
        "elapsed_seconds": 2093.4,
        "n_jobs": 16,
        "n_datasets_used": 82,
        "stabilization": {
          "enabled": true,
          "action": "exclude_dataset",
          "dataset_delta_chi2_threshold": 100000.0,
          "max_outlier_coalitions": 5,
          "stable_rerun_performed": false,
          "n_excluded_datasets": 0,
          "excluded_datasets": [],
          "report_json": "/home/dakshanshchawda/nnpdf/validphys2/src/validphys/shapley/sv_results/nnpdf40_physical/20260514_093633_physical_xscan_dense_evol/mu_37/stabilization_report_flavor.json"
        }
      }
    }
  },
  "metadata": {
    "runcard": "/home/dakshanshchawda/nnpdf/validphys2/src/validphys/shapley/runcards/nnpdf4.0_physical_dense.yaml",
    "pdf_name": "NNPDF40_nnlo_as_01180",
    "theory_id": 708,
    "n_datasets": 82,
    "n_replicas": 100,
    "perturbation": {
      "mu": 0.0803818064521,
      "sigma": 0.25,
      "amplitude": 1.0,
      "mode": "physical",
      "xspace": "logx",
      "per_replica": false,
      "random_sign": false,
      "member_mode": "central",
      "n_sign_samples": 1,
      "antithetic_sign": false,
      "deterministic_sign_symmetrized": true,
      "random_seed": null
    },
    "enforce_sumrules": false,
    "n_jobs": 16,
    "stabilization": {
      "enabled": true,
      "action": "exclude_dataset",
      "dataset_delta_chi2_threshold": 100000.0,
      "max_outlier_coalitions": 5,
      "rerun_stable": true
    }
  }
}