flavour,shapley_value
cbar,0.00004115
sbar,0.00020008
ubar,0.00002835
dbar,0.00000018
g,0.00000302
d,0.00000057
u,0.00000845
s,0.00078099
c,0.00003423
