flavour,shapley_value
cbar,-0.00004004
sbar,-0.00019988
ubar,-0.00002696
dbar,-0.00000003
g,0.00000304
d,0.00000021
u,-0.00000805
s,-0.00078027
c,-0.00003362
