{
  "outlier_n_sigma": 3.0,
  "chi2_stats": {
    "n_coalitions": 512,
    "mean": 0.004024607256680269,
    "std": 0.002343032323706623,
    "min": 0.0,
    "max": 0.012328210620482283,
    "median": 0.0036296332920171537,
    "p95": 0.008528484653272394,
    "p99": 0.01064544569977889
  },
  "outlier_chi2_threshold": 0.011053704227800137,
  "n_outlier_coalitions": 3,
  "outlier_coalitions": [
    {
      "coalition": [
        0,
        1,
        2,
        3,
        4,
        5,
        6,
        7,
        8
      ],
      "coalition_labels": [
        "cbar",
        "sbar",
        "ubar",
        "dbar",
        "g",
        "d",
        "u",
        "s",
        "c"
      ],
      "size": 9,
      "chi2": 0.012328210620482283,
      "z_score": 3.543955958177267
    },
    {
      "coalition": [
        0,
        1,
        2,
        3,
        5,
        6,
        7,
        8
      ],
      "coalition_labels": [
        "cbar",
        "sbar",
        "ubar",
        "dbar",
        "d",
        "u",
        "s",
        "c"
      ],
      "size": 8,
      "chi2": 0.011843480667856232,
      "z_score": 3.3370744961839387
    },
    {
      "coalition": [
        0,
        1,
        2,
        3,
        4,
        6,
        7,
        8
      ],
      "coalition_labels": [
        "cbar",
        "sbar",
        "ubar",
        "dbar",
        "g",
        "u",
        "s",
        "c"
      ],
      "size": 8,
      "chi2": 0.011253285189347428,
      "z_score": 3.085180626629836
    }
  ],
  "per_player_marginals": {
    "cbar": {
      "n_marginals": 256,
      "mean": 0.0021547418458456435,
      "std": 0.0007260285757769659,
      "min": 0.00045657107359442506,
      "max": 0.0038529127394051343,
      "p05": 0.0009390851597315675,
      "p95": 0.003370398585917256,
      "n_outliers_high": 0,
      "n_outliers_low": 0
    },
    "sbar": {
      "n_marginals": 256,
      "mean": 0.0008208294241168305,
      "std": 0.0003267168020472328,
      "min": -1.6092792605393313e-05,
      "max": 0.0016577507714974349,
      "p05": 0.0002762194758648695,
      "p95": 0.0013654390472492839,
      "n_outliers_high": 0,
      "n_outliers_low": 0
    },
    "ubar": {
      "n_marginals": 256,
      "mean": 0.001868321443475927,
      "std": 0.0006823131987037716,
      "min": 0.00020154519030390894,
      "max": 0.0035350980006711996,
      "p05": 0.0007314002585118717,
      "p95": 0.003005242799090646,
      "n_outliers_high": 0,
      "n_outliers_low": 0
    },
    "dbar": {
      "n_marginals": 256,
      "mean": 0.0010706637625761597,
      "std": 0.0002747577935815955,
      "min": 0.0003812818713322397,
      "max": 0.0017600453331589883,
      "p05": 0.0006194036924613844,
      "p95": 0.0015219228524197548,
      "n_outliers_high": 0,
      "n_outliers_low": 0
    },
    "g": {
      "n_marginals": 256,
      "mean": 0.0008571767804580379,
      "std": 0.000254728504750707,
      "min": 0.00022358656973509028,
      "max": 0.001490766892696671,
      "p05": 0.00043111380128774135,
      "p95": 0.0012832404151313925,
      "n_outliers_high": 0,
      "n_outliers_low": 0
    },
    "d": {
      "n_marginals": 256,
      "mean": 0.0005581756765195341,
      "std": 0.00024947488200592144,
      "min": -7.213195721100796e-05,
      "max": 0.0011884834564255264,
      "p05": 0.00014603191511020075,
      "p95": 0.0009703194808053928,
      "n_outliers_high": 0,
      "n_outliers_low": 0
    },
    "u": {
      "n_marginals": 256,
      "mean": 0.002098036632471942,
      "std": 0.0007584277206327529,
      "min": 0.00015982423973959214,
      "max": 0.004036248892366867,
      "p05": 0.0008072058075037081,
      "p95": 0.003388867505478066,
      "n_outliers_high": 0,
      "n_outliers_low": 0
    },
    "s": {
      "n_marginals": 256,
      "mean": 0.0007072115327129893,
      "std": 0.0003062594779267336,
      "min": -6.944979390488548e-05,
      "max": 0.0014838729762685077,
      "p05": 0.0002069578794697824,
      "p95": 0.0012074650548603572,
      "n_outliers_high": 0,
      "n_outliers_low": 0
    },
    "c": {
      "n_marginals": 256,
      "mean": 0.0021930537321909697,
      "std": 0.0007243780719796773,
      "min": 0.00049300988127432,
      "max": 0.0038930974262787466,
      "p05": 0.0009956463360590306,
      "p95": 0.003390461177792403,
      "n_outliers_high": 0,
      "n_outliers_low": 0
    }
  }
}