{
  "timestamp": "2026-05-14T10:05:14.155973",
  "results": {
    "results_by_basis": {
      "flavor": {
        "shapley_values": {
          "cbar": 0.0021547418005821665,
          "sbar": 0.0008208295026140324,
          "ubar": 0.001868321333247029,
          "dbar": 0.001070663709132682,
          "g": 0.0008571767650577238,
          "d": 0.0005581756152355554,
          "u": 0.0020980366540088793,
          "s": 0.0007072114864924953,
          "c": 0.0021930537541117174
        },
        "phi_even": {
          "cbar": 0.0021547418005821665,
          "sbar": 0.0008208295026140324,
          "ubar": 0.001868321333247029,
          "dbar": 0.001070663709132682,
          "g": 0.0008571767650577238,
          "d": 0.0005581756152355554,
          "u": 0.0020980366540088793,
          "s": 0.0007072114864924953,
          "c": 0.0021930537541117174
        },
        "phi_odd": {
          "cbar": 0.0010960961249247112,
          "sbar": 4.6310963686901236e-05,
          "ubar": 0.0004189513105043021,
          "dbar": 0.0002538568966312093,
          "g": 0.0019924072004979324,
          "d": 0.00025365162558158694,
          "u": 0.00030753593992082444,
          "s": 0.0001916768904945261,
          "c": 0.0010771027942296644
        },
        "phi_odd_signed": {
          "cbar": 0.0010960961249247112,
          "sbar": 4.6310963686901236e-05,
          "ubar": 0.0004189513105043021,
          "dbar": -0.0002538568966312093,
          "g": 0.0019924072004979324,
          "d": 0.00025365162558158694,
          "u": 0.00030753593992082444,
          "s": 0.0001916768904945261,
          "c": 0.0010771027942296644
        },
        "sign_sensitivity_abs": {
          "cbar": 0.0010960961249247112,
          "sbar": 4.6310963686901236e-05,
          "ubar": 0.0004189513105043021,
          "dbar": 0.0002538568966312093,
          "g": 0.0019924072004979324,
          "d": 0.00025365162558158694,
          "u": 0.00030753593992082444,
          "s": 0.0001916768904945261,
          "c": 0.0010771027942296644
        },
        "shapley_values_per_replica": null,
        "phi_even_per_replica": null,
        "phi_odd_per_replica": null,
        "phi_odd_signed_per_replica": null,
        "shapley_values_per_sign_sample": null,
        "shapley_std": null,
        "std_even_rep": null,
        "shapley_err": null,
        "shapley_values_odd": {
          "cbar": 0.0010960961249247112,
          "sbar": 4.6310963686901236e-05,
          "ubar": 0.0004189513105043021,
          "dbar": 0.0002538568966312093,
          "g": 0.0019924072004979324,
          "d": 0.00025365162558158694,
          "u": 0.00030753593992082444,
          "s": 0.0001916768904945261,
          "c": 0.0010771027942296644
        },
        "shapley_odd_std": null,
        "std_odd_rep": null,
        "shapley_odd_err": null,
        "shapley_sign_std": null,
        "shapley_sign_err": null,
        "per_replica": false,
        "random_sign": false,
        "member_mode": "central",
        "n_sign_samples": 1,
        "antithetic_sign": false,
        "deterministic_sign_symmetrized": true,
        "random_seed": null,
        "baseline_chi2": 1.1425467209619293,
        "validation_checks": {
          "completeness_even": {
            "max_abs_diff": 1.734723475976807e-18,
            "tol": 1e-10,
            "pass": true
          },
          "completeness_odd": {
            "max_abs_diff": 0.0,
            "tol": 1e-10,
            "pass": true
          },
          "empty_even_zero": {
            "max_abs_diff": 0.0,
            "tol": 1e-10,
            "pass": true
          },
          "empty_odd_zero": {
            "max_abs_diff": 0.0,
            "tol": 1e-10,
            "pass": true
          },
          "chi2_symmetry_residual": 0.010724675738523315,
          "odd_zero_if_symmetric": {
            "phi_odd_max_abs": 0.0019924072004979324,
            "tol": 1e-10,
            "pass": true
          },
          "even_vs_pm": {
            "max_abs_diff": 1.951563910473908e-17,
            "tol": 1e-10,
            "pass": true
          },
          "odd_vs_pm": {
            "max_abs_diff": 8.673617379884035e-19,
            "tol": 1e-10,
            "pass": true
          }
        },
        "coalitions_evaluated": 512,
        "theory_evaluations": 1023,
        "elapsed_seconds": 1632.9,
        "n_jobs": 16,
        "n_datasets_used": 82,
        "stabilization": {
          "enabled": true,
          "action": "exclude_dataset",
          "dataset_delta_chi2_threshold": 100000.0,
          "max_outlier_coalitions": 5,
          "stable_rerun_performed": false,
          "n_excluded_datasets": 0,
          "excluded_datasets": [],
          "report_json": "/home/dakshanshchawda/nnpdf/validphys2/src/validphys/shapley/sv_results/nnpdf40_physical/20260514_093633_physical_xscan_dense_evol/mu_09/stabilization_report_flavor.json"
        }
      }
    }
  },
  "metadata": {
    "runcard": "/home/dakshanshchawda/nnpdf/validphys2/src/validphys/shapley/runcards/nnpdf4.0_physical_dense.yaml",
    "pdf_name": "NNPDF40_nnlo_as_01180",
    "theory_id": 708,
    "n_datasets": 82,
    "n_replicas": 100,
    "perturbation": {
      "mu": 0.000442171364517,
      "sigma": 0.25,
      "amplitude": 1.0,
      "mode": "physical",
      "xspace": "logx",
      "per_replica": false,
      "random_sign": false,
      "member_mode": "central",
      "n_sign_samples": 1,
      "antithetic_sign": false,
      "deterministic_sign_symmetrized": true,
      "random_seed": null
    },
    "enforce_sumrules": false,
    "n_jobs": 16,
    "stabilization": {
      "enabled": true,
      "action": "exclude_dataset",
      "dataset_delta_chi2_threshold": 100000.0,
      "max_outlier_coalitions": 5,
      "rerun_stable": true
    }
  }
}