flavour,shapley_value
cbar,0.00215474
sbar,0.00082083
ubar,0.00186832
dbar,0.00107066
g,0.00085718
d,0.00055818
u,0.00209804
s,0.00070721
c,0.00219305
