flavour,shapley_value
cbar,0.00109610
sbar,0.00004631
ubar,0.00041895
dbar,0.00025386
g,0.00199241
d,0.00025365
u,0.00030754
s,0.00019168
c,0.00107710
