{
  "outlier_n_sigma": 3.0,
  "chi2_stats": {
    "n_coalitions": 512,
    "mean": -3.372050133050326e-05,
    "std": 0.00013637090616800844,
    "min": -0.0002214544471155211,
    "max": 0.00015818862655048171,
    "median": -3.577118100339671e-05,
    "p95": 0.0001581019212465451,
    "p99": 0.0001581833685851808
  },
  "outlier_chi2_threshold": 0.00037539221717352206,
  "n_outlier_coalitions": 0,
  "outlier_coalitions": [],
  "per_player_marginals": {
    "cbar": {
      "n_marginals": 256,
      "mean": -1.678074781560901e-09,
      "std": 3.760182021681068e-08,
      "min": -4.0599503092764166e-08,
      "max": 3.7244201722685943e-08,
      "p05": -4.058601477119339e-08,
      "p95": 3.7230714622360495e-08,
      "n_outliers_high": 0,
      "n_outliers_low": 0
    },
    "sbar": {
      "n_marginals": 256,
      "mean": -0.0002250702088177764,
      "std": 4.13558518919206e-06,
      "min": -0.00022921072629111805,
      "max": -0.000220929693920624,
      "p05": -0.00022920905352441512,
      "p95": -0.00022093136568418492,
      "n_outliers_high": 0,
      "n_outliers_low": 0
    },
    "ubar": {
      "n_marginals": 256,
      "mean": -1.9003099710132587e-08,
      "std": 2.2001770040194215e-08,
      "min": -4.171701273314454e-08,
      "max": 3.7113292439272527e-09,
      "p05": -4.170910017364804e-08,
      "p95": 3.7034174060757152e-09,
      "n_outliers_high": 0,
      "n_outliers_low": 0
    },
    "dbar": {
      "n_marginals": 256,
      "mean": -1.5573845962846278e-09,
      "std": 4.541651470875474e-11,
      "min": -1.620414913361401e-09,
      "max": -1.4943539738965228e-09,
      "p05": -1.6203878239196001e-09,
      "p95": -1.4943805082268113e-09,
      "n_outliers_high": 0,
      "n_outliers_low": 0
    },
    "g": {
      "n_marginals": 256,
      "mean": -4.3923857966261803e-07,
      "std": 1.1608373120592482e-10,
      "min": -4.393827541804285e-07,
      "max": -4.3909442037914914e-07,
      "p05": -4.3938266758303257e-07,
      "p95": -4.390945064769447e-07,
      "n_outliers_high": 0,
      "n_outliers_low": 0
    },
    "d": {
      "n_marginals": 256,
      "mean": -1.4927944956555361e-09,
      "std": 3.190616611664556e-11,
      "min": -1.5375776207804392e-09,
      "max": -1.4480108223580146e-09,
      "p05": -1.5375585249444157e-09,
      "p95": -1.4480290300156184e-09,
      "n_outliers_high": 0,
      "n_outliers_low": 0
    },
    "u": {
      "n_marginals": 256,
      "mean": 2.7894838525860388e-08,
      "std": 2.119333429821997e-08,
      "min": 5.751732867764758e-09,
      "max": 5.003837189043736e-08,
      "p05": 5.759642263125642e-09,
      "p95": 5.003046271712108e-08,
      "n_outliers_high": 0,
      "n_outliers_low": 0
    },
    "s": {
      "n_marginals": 256,
      "mean": 0.00015399413718300038,
      "std": 4.136027935561247e-06,
      "min": 0.00014974134113532322,
      "max": 0.00015824693580102078,
      "p05": 0.00014978378495911215,
      "p95": 0.00015820449114944957,
      "n_outliers_high": 0,
      "n_outliers_low": 0
    },
    "c": {
      "n_marginals": 256,
      "mean": 4.6921958337872716e-08,
      "std": 3.6438068247534745e-08,
      "min": 8.722462530030839e-09,
      "max": 8.512224614065644e-08,
      "p05": 8.736064482928185e-09,
      "p95": 8.510864774047278e-08,
      "n_outliers_high": 0,
      "n_outliers_low": 0
    }
  }
}