{
  "timestamp": "2026-05-14T10:06:22.213644",
  "results": {
    "results_by_basis": {
      "flavor": {
        "shapley_values": {
          "cbar": -1.6782172117588281e-09,
          "sbar": -0.0002250702092481325,
          "ubar": -1.9003186379511257e-08,
          "dbar": -1.5573848213691297e-09,
          "g": -4.392385771328795e-07,
          "d": -1.4927947928054064e-09,
          "u": 2.7894766585225715e-08,
          "s": 0.00015399413675216367,
          "c": 4.692182508938445e-08
        },
        "phi_even": {
          "cbar": -1.6782172117588281e-09,
          "sbar": -0.0002250702092481325,
          "ubar": -1.9003186379511257e-08,
          "dbar": -1.5573848213691297e-09,
          "g": -4.392385771328795e-07,
          "d": -1.4927947928054064e-09,
          "u": 2.7894766585225715e-08,
          "s": 0.00015399413675216367,
          "c": 4.692182508938445e-08
        },
        "phi_odd": {
          "cbar": 2.1807631714993055e-09,
          "sbar": 0.0002250698471184663,
          "ubar": 2.0114460969981426e-08,
          "dbar": 1.2362383406643628e-09,
          "g": 4.4618687342821776e-07,
          "d": 1.3403455687936255e-09,
          "u": 2.810575591758033e-08,
          "s": 0.00015399436800125852,
          "c": 4.7084135394924254e-08
        },
        "phi_odd_signed": {
          "cbar": 2.1807631714993055e-09,
          "sbar": 0.0002250698471184663,
          "ubar": 2.0114460969981426e-08,
          "dbar": 1.2362383406643628e-09,
          "g": -4.4618687342821776e-07,
          "d": 1.3403455687936255e-09,
          "u": -2.810575591758033e-08,
          "s": -0.00015399436800125852,
          "c": -4.7084135394924254e-08
        },
        "sign_sensitivity_abs": {
          "cbar": 2.1807631714993055e-09,
          "sbar": 0.0002250698471184663,
          "ubar": 2.0114460969981426e-08,
          "dbar": 1.2362383406643628e-09,
          "g": 4.4618687342821776e-07,
          "d": 1.3403455687936255e-09,
          "u": 2.810575591758033e-08,
          "s": 0.00015399436800125852,
          "c": 4.7084135394924254e-08
        },
        "shapley_values_per_replica": null,
        "phi_even_per_replica": null,
        "phi_odd_per_replica": null,
        "phi_odd_signed_per_replica": null,
        "shapley_values_per_sign_sample": null,
        "shapley_std": null,
        "std_even_rep": null,
        "shapley_err": null,
        "shapley_values_odd": {
          "cbar": 2.1807631714993055e-09,
          "sbar": 0.0002250698471184663,
          "ubar": 2.0114460969981426e-08,
          "dbar": 1.2362383406643628e-09,
          "g": 4.4618687342821776e-07,
          "d": 1.3403455687936255e-09,
          "u": 2.810575591758033e-08,
          "s": 0.00015399436800125852,
          "c": 4.7084135394924254e-08
        },
        "shapley_odd_std": null,
        "std_odd_rep": null,
        "shapley_odd_err": null,
        "shapley_sign_std": null,
        "shapley_sign_err": null,
        "per_replica": false,
        "random_sign": false,
        "member_mode": "central",
        "n_sign_samples": 1,
        "antithetic_sign": false,
        "deterministic_sign_symmetrized": true,
        "random_seed": null,
        "baseline_chi2": 1.1425467209619293,
        "validation_checks": {
          "completeness_even": {
            "max_abs_diff": 1.3552527156068805e-20,
            "tol": 1e-10,
            "pass": true
          },
          "completeness_odd": {
            "max_abs_diff": 1.3552527156068805e-19,
            "tol": 1e-10,
            "pass": true
          },
          "empty_even_zero": {
            "max_abs_diff": 0.0,
            "tol": 1e-10,
            "pass": true
          },
          "empty_odd_zero": {
            "max_abs_diff": 0.0,
            "tol": 1e-10,
            "pass": true
          },
          "chi2_symmetry_residual": 0.00044203168491985245,
          "odd_zero_if_symmetric": {
            "phi_odd_max_abs": 0.0002250698471184663,
            "tol": 1e-10,
            "pass": true
          },
          "even_vs_pm": {
            "max_abs_diff": 3.476055421944392e-17,
            "tol": 1e-10,
            "pass": true
          },
          "odd_vs_pm": {
            "max_abs_diff": 8.131516293641283e-20,
            "tol": 1e-10,
            "pass": true
          }
        },
        "coalitions_evaluated": 512,
        "theory_evaluations": 1023,
        "elapsed_seconds": 1700.5,
        "n_jobs": 16,
        "n_datasets_used": 82,
        "stabilization": {
          "enabled": true,
          "action": "exclude_dataset",
          "dataset_delta_chi2_threshold": 100000.0,
          "max_outlier_coalitions": 5,
          "stable_rerun_performed": false,
          "n_excluded_datasets": 0,
          "excluded_datasets": [],
          "report_json": "/home/dakshanshchawda/nnpdf/validphys2/src/validphys/shapley/sv_results/nnpdf40_physical/20260514_093633_physical_xscan_dense_evol/mu_45/stabilization_report_flavor.json"
        }
      }
    }
  },
  "metadata": {
    "runcard": "/home/dakshanshchawda/nnpdf/validphys2/src/validphys/shapley/runcards/nnpdf4.0_physical_dense.yaml",
    "pdf_name": "NNPDF40_nnlo_as_01180",
    "theory_id": 708,
    "n_datasets": 82,
    "n_replicas": 100,
    "perturbation": {
      "mu": 0.355425330413,
      "sigma": 0.25,
      "amplitude": 1.0,
      "mode": "physical",
      "xspace": "logx",
      "per_replica": false,
      "random_sign": false,
      "member_mode": "central",
      "n_sign_samples": 1,
      "antithetic_sign": false,
      "deterministic_sign_symmetrized": true,
      "random_seed": null
    },
    "enforce_sumrules": false,
    "n_jobs": 16,
    "stabilization": {
      "enabled": true,
      "action": "exclude_dataset",
      "dataset_delta_chi2_threshold": 100000.0,
      "max_outlier_coalitions": 5,
      "rerun_stable": true
    }
  }
}