flavour,shapley_value
cbar,-0.00000000
sbar,-0.00022507
ubar,-0.00000002
dbar,-0.00000000
g,-0.00000044
d,-0.00000000
u,0.00000003
s,0.00015399
c,0.00000005
