{
  "outlier_n_sigma": 3.0,
  "chi2_stats": {
    "n_coalitions": 512,
    "mean": 6.254969732941325e-05,
    "std": 0.00016446200641357482,
    "min": -0.00015993681514836489,
    "max": 0.0002899495328259061,
    "median": 6.009806709472709e-05,
    "p95": 0.0002897826602400455,
    "p99": 0.0002898923641079687
  },
  "outlier_chi2_threshold": 0.0005559357165701377,
  "n_outlier_coalitions": 0,
  "outlier_coalitions": [],
  "per_player_marginals": {
    "cbar": {
      "n_marginals": 256,
      "mean": 6.592899974393329e-08,
      "std": 4.219556172811703e-08,
      "min": 2.2181628756001714e-08,
      "max": 1.0967654007210115e-07,
      "p05": 2.219530143010573e-08,
      "p95": 1.0966286628777411e-07,
      "n_outliers_high": 0,
      "n_outliers_low": 0
    },
    "sbar": {
      "n_marginals": 256,
      "mean": -0.00016424564052020148,
      "std": 4.776537975388745e-06,
      "min": -0.00016902737670876355,
      "max": -0.0001594639048367874,
      "p05": -0.0001690255134412788,
      "p95": -0.00015946576793146594,
      "n_outliers_high": 0,
      "n_outliers_low": 0
    },
    "ubar": {
      "n_marginals": 256,
      "mean": 3.035416285684933e-08,
      "std": 2.4694310360259906e-08,
      "min": 4.818738741363404e-09,
      "max": 5.588968066128075e-08,
      "p05": 4.8267518315547875e-09,
      "p95": 5.588166762660052e-08,
      "n_outliers_high": 0,
      "n_outliers_low": 0
    },
    "dbar": {
      "n_marginals": 256,
      "mean": -1.3180517354632881e-09,
      "std": 3.236785487918314e-11,
      "min": -1.3633916218225295e-09,
      "max": -1.2727117137956157e-09,
      "p05": -1.3633690287839784e-09,
      "p95": -1.2727349174568303e-09,
      "n_outliers_high": 0,
      "n_outliers_low": 0
    },
    "g": {
      "n_marginals": 256,
      "mean": -4.7022166710722346e-07,
      "std": 1.18894886006236e-10,
      "min": -4.7038234107787957e-07,
      "max": -4.700609952390522e-07,
      "p05": -4.703822139018321e-07,
      "p95": -4.7006112313674464e-07,
      "n_outliers_high": 0,
      "n_outliers_low": 0
    },
    "d": {
      "n_marginals": 256,
      "mean": -1.2241245361116482e-09,
      "std": 3.1931280263636415e-11,
      "min": -1.2686929284910775e-09,
      "max": -1.179555120245368e-09,
      "p05": -1.2686713901643998e-09,
      "p95": -1.1795779908396753e-09,
      "n_outliers_high": 0,
      "n_outliers_low": 0
    },
    "u": {
      "n_marginals": 256,
      "mean": 4.7240638777548694e-08,
      "std": 2.38821908879778e-08,
      "min": 2.2440718172589413e-08,
      "max": 7.204064633725693e-08,
      "p05": 2.2448726988422152e-08,
      "p95": 7.203263702182383e-08,
      "n_outliers_high": 0,
      "n_outliers_low": 0
    },
    "s": {
      "n_marginals": 256,
      "mean": 0.0002849409065792015,
      "std": 4.777023076270919e-06,
      "min": 0.00028003250478758623,
      "max": 0.00028984930887698823,
      "p05": 0.0002800803830265708,
      "p95": 0.0002898014304683616,
      "n_outliers_high": 0,
      "n_outliers_low": 0
    },
    "c": {
      "n_marginals": 256,
      "mean": 8.351297506661859e-08,
      "std": 4.108322541989541e-08,
      "min": 4.069592174360537e-08,
      "max": 1.2633018542373975e-07,
      "p05": 4.070969533698232e-08,
      "p95": 1.2631641294058582e-07,
      "n_outliers_high": 0,
      "n_outliers_low": 0
    }
  }
}