{
  "timestamp": "2026-05-14T10:05:04.345075",
  "results": {
    "results_by_basis": {
      "flavor": {
        "shapley_values": {
          "cbar": 6.59289714113226e-08,
          "sbar": -0.0001642456406044144,
          "ubar": 3.035414722246401e-08,
          "dbar": -1.3180517164474134e-09,
          "g": -4.7022166663878195e-07,
          "d": -1.2241244420235514e-09,
          "u": 4.724062433670268e-08,
          "s": 0.00028494090649480285,
          "c": 8.351294845850469e-08
        },
        "phi_even": {
          "cbar": 6.59289714113226e-08,
          "sbar": -0.0001642456406044144,
          "ubar": 3.035414722246401e-08,
          "dbar": -1.3180517164474134e-09,
          "g": -4.7022166663878195e-07,
          "d": -1.2241244420235514e-09,
          "u": 4.724062433670268e-08,
          "s": 0.00028494090649480285,
          "c": 8.351294845850469e-08
        },
        "phi_odd": {
          "cbar": 6.626340194652746e-08,
          "sbar": 0.00016424480169069573,
          "ubar": 3.053297748016493e-08,
          "dbar": 4.791341096804704e-10,
          "g": 4.777288927856849e-07,
          "d": 5.070636008077209e-10,
          "u": 4.790967033541973e-08,
          "s": 0.0002849416643962095,
          "c": 8.409740015039774e-08
        },
        "phi_odd_signed": {
          "cbar": -6.626340194652746e-08,
          "sbar": 0.00016424480169069573,
          "ubar": -3.053297748016493e-08,
          "dbar": 4.791341096804704e-10,
          "g": -4.777288927856849e-07,
          "d": 5.070636008077209e-10,
          "u": -4.790967033541973e-08,
          "s": -0.0002849416643962095,
          "c": -8.409740015039774e-08
        },
        "sign_sensitivity_abs": {
          "cbar": 6.626340194652746e-08,
          "sbar": 0.00016424480169069573,
          "ubar": 3.053297748016493e-08,
          "dbar": 4.791341096804704e-10,
          "g": 4.777288927856849e-07,
          "d": 5.070636008077209e-10,
          "u": 4.790967033541973e-08,
          "s": 0.0002849416643962095,
          "c": 8.409740015039774e-08
        },
        "shapley_values_per_replica": null,
        "phi_even_per_replica": null,
        "phi_odd_per_replica": null,
        "phi_odd_signed_per_replica": null,
        "shapley_values_per_sign_sample": null,
        "shapley_std": null,
        "std_even_rep": null,
        "shapley_err": null,
        "shapley_values_odd": {
          "cbar": 6.626340194652746e-08,
          "sbar": 0.00016424480169069573,
          "ubar": 3.053297748016493e-08,
          "dbar": 4.791341096804704e-10,
          "g": 4.777288927856849e-07,
          "d": 5.070636008077209e-10,
          "u": 4.790967033541973e-08,
          "s": 0.0002849416643962095,
          "c": 8.409740015039774e-08
        },
        "shapley_odd_std": null,
        "std_odd_rep": null,
        "shapley_odd_err": null,
        "shapley_sign_std": null,
        "shapley_sign_err": null,
        "per_replica": false,
        "random_sign": false,
        "member_mode": "central",
        "n_sign_samples": 1,
        "antithetic_sign": false,
        "deterministic_sign_symmetrized": true,
        "random_seed": null,
        "baseline_chi2": 1.1425467209619293,
        "validation_checks": {
          "completeness_even": {
            "max_abs_diff": 1.0842021724855044e-19,
            "tol": 1e-10,
            "pass": true
          },
          "completeness_odd": {
            "max_abs_diff": 2.0328790734103208e-19,
            "tol": 1e-10,
            "pass": true
          },
          "empty_even_zero": {
            "max_abs_diff": 0.0,
            "tol": 1e-10,
            "pass": true
          },
          "empty_odd_zero": {
            "max_abs_diff": 0.0,
            "tol": 1e-10,
            "pass": true
          },
          "chi2_symmetry_residual": 0.0005808598942309562,
          "odd_zero_if_symmetric": {
            "phi_odd_max_abs": 0.0002849416643962095,
            "tol": 1e-10,
            "pass": true
          },
          "even_vs_pm": {
            "max_abs_diff": 1.5772150524569098e-17,
            "tol": 1e-10,
            "pass": true
          },
          "odd_vs_pm": {
            "max_abs_diff": 1.6263032587282567e-19,
            "tol": 1e-10,
            "pass": true
          }
        },
        "coalitions_evaluated": 512,
        "theory_evaluations": 1023,
        "elapsed_seconds": 1622.8,
        "n_jobs": 16,
        "n_datasets_used": 82,
        "stabilization": {
          "enabled": true,
          "action": "exclude_dataset",
          "dataset_delta_chi2_threshold": 100000.0,
          "max_outlier_coalitions": 5,
          "stable_rerun_performed": false,
          "n_excluded_datasets": 0,
          "excluded_datasets": [],
          "report_json": "/home/dakshanshchawda/nnpdf/validphys2/src/validphys/shapley/sv_results/nnpdf40_physical/20260514_093633_physical_xscan_dense_evol/mu_49/stabilization_report_flavor.json"
        }
      }
    }
  },
  "metadata": {
    "runcard": "/home/dakshanshchawda/nnpdf/validphys2/src/validphys/shapley/runcards/nnpdf4.0_physical_dense.yaml",
    "pdf_name": "NNPDF40_nnlo_as_01180",
    "theory_id": 708,
    "n_datasets": 82,
    "n_replicas": 100,
    "perturbation": {
      "mu": 0.747383804644,
      "sigma": 0.25,
      "amplitude": 1.0,
      "mode": "physical",
      "xspace": "logx",
      "per_replica": false,
      "random_sign": false,
      "member_mode": "central",
      "n_sign_samples": 1,
      "antithetic_sign": false,
      "deterministic_sign_symmetrized": true,
      "random_seed": null
    },
    "enforce_sumrules": false,
    "n_jobs": 16,
    "stabilization": {
      "enabled": true,
      "action": "exclude_dataset",
      "dataset_delta_chi2_threshold": 100000.0,
      "max_outlier_coalitions": 5,
      "rerun_stable": true
    }
  }
}