flavour,shapley_value
cbar,0.00000007
sbar,0.00016424
ubar,0.00000003
dbar,0.00000000
g,0.00000048
d,0.00000000
u,0.00000005
s,0.00028494
c,0.00000008
