{
  "outlier_n_sigma": 3.0,
  "chi2_stats": {
    "n_coalitions": 512,
    "mean": 0.001192087820215933,
    "std": 0.0011997926926022467,
    "min": -0.0012872210117698124,
    "max": 0.004760656746076508,
    "median": 0.0011392057057665328,
    "p95": 0.00332778591576246,
    "p99": 0.004516290841298478
  },
  "outlier_chi2_threshold": 0.0047914658980226735,
  "n_outlier_coalitions": 0,
  "outlier_coalitions": [],
  "per_player_marginals": {
    "cbar": {
      "n_marginals": 256,
      "mean": 0.0004938668455976517,
      "std": 0.0008494434594114728,
      "min": -0.0011103071160571965,
      "max": 0.0020962262929367093,
      "p05": -0.0008685545064220368,
      "p95": 0.0018546634377780147,
      "n_outliers_high": 0,
      "n_outliers_low": 0
    },
    "sbar": {
      "n_marginals": 256,
      "mean": 0.00010718701131093994,
      "std": 0.0007990514873600324,
      "min": -0.0015781497581786041,
      "max": 0.0017901984519297365,
      "p05": -0.0012225505917716206,
      "p95": 0.0014354657317406372,
      "n_outliers_high": 0,
      "n_outliers_low": 0
    },
    "ubar": {
      "n_marginals": 256,
      "mean": 0.000572302791692382,
      "std": 0.001263603745279,
      "min": -0.0021008113790450533,
      "max": 0.0032452538441543055,
      "p05": -0.0015354711057974368,
      "p95": 0.0026793935383184753,
      "n_outliers_high": 0,
      "n_outliers_low": 0
    },
    "dbar": {
      "n_marginals": 256,
      "mean": 8.058552519387904e-06,
      "std": 6.054876847989173e-05,
      "min": -0.00013409146755227752,
      "max": 0.0001501686542888514,
      "p05": -8.512654239173356e-05,
      "p95": 0.00010115490228046475,
      "n_outliers_high": 0,
      "n_outliers_low": 0
    },
    "g": {
      "n_marginals": 256,
      "mean": 0.0013258011820259756,
      "std": 2.7869222768281673e-05,
      "min": 0.0012681523384658888,
      "max": 0.0013833986393898545,
      "p05": 0.0012776879256652385,
      "p95": 0.001373890421372037,
      "n_outliers_high": 0,
      "n_outliers_low": 0
    },
    "d": {
      "n_marginals": 256,
      "mean": 4.322834143783913e-05,
      "std": 7.244608204685217e-05,
      "min": -0.00011528911342106873,
      "max": 0.00020163064949962894,
      "p05": -7.422899248293868e-05,
      "p95": 0.0001605759799024331,
      "n_outliers_high": 0,
      "n_outliers_low": 0
    },
    "u": {
      "n_marginals": 256,
      "mean": 0.0008338579426374424,
      "std": 0.0010057716835591645,
      "min": -0.0013164861933101513,
      "max": 0.002985194896862442,
      "p05": -0.0008253145052424804,
      "p95": 0.002491587465368039,
      "n_outliers_high": 0,
      "n_outliers_low": 0
    },
    "s": {
      "n_marginals": 256,
      "mean": -0.00010035704393770474,
      "std": 0.0010019455598847282,
      "min": -0.0020823953963073905,
      "max": 0.00187889083822812,
      "p05": -0.0017450282927282124,
      "p95": 0.0015427593846965015,
      "n_outliers_high": 0,
      "n_outliers_low": 0
    },
    "c": {
      "n_marginals": 256,
      "mean": 0.00016324733098825595,
      "std": 0.000620349041531318,
      "min": -0.001032452449332144,
      "max": 0.0013580226218374847,
      "p05": -0.000818933848277803,
      "p95": 0.0011444545247889515,
      "n_outliers_high": 0,
      "n_outliers_low": 0
    }
  }
}