{
  "timestamp": "2026-05-14T10:10:23.601005",
  "results": {
    "results_by_basis": {
      "flavor": {
        "shapley_values": {
          "cbar": 0.0004939169247026327,
          "sbar": 0.00010723713869581628,
          "ubar": 0.0005720112922177634,
          "dbar": 8.04833926998222e-06,
          "g": 0.001325800332323735,
          "d": 4.321890144037709e-05,
          "u": 0.0008336474924005097,
          "s": -0.00010041652197221447,
          "c": 0.00016324436914730354
        },
        "phi_even": {
          "cbar": 0.0004939169247026327,
          "sbar": 0.00010723713869581628,
          "ubar": 0.0005720112922177634,
          "dbar": 8.04833926998222e-06,
          "g": 0.001325800332323735,
          "d": 4.321890144037709e-05,
          "u": 0.0008336474924005097,
          "s": -0.00010041652197221447,
          "c": 0.00016324436914730354
        },
        "phi_odd": {
          "cbar": 0.0004111346075014241,
          "sbar": 8.428946236314444e-05,
          "ubar": 0.00044036779363977173,
          "dbar": 4.5141649907390966e-06,
          "g": 0.0013088560052217594,
          "d": 4.547566228469993e-05,
          "u": 0.0008068899171366121,
          "s": 0.00017446342533504992,
          "c": 0.00012202017849496534
        },
        "phi_odd_signed": {
          "cbar": -0.0004111346075014241,
          "sbar": -8.428946236314444e-05,
          "ubar": -0.00044036779363977173,
          "dbar": 4.5141649907390966e-06,
          "g": 0.0013088560052217594,
          "d": 4.547566228469993e-05,
          "u": -0.0008068899171366121,
          "s": 0.00017446342533504992,
          "c": -0.00012202017849496534
        },
        "sign_sensitivity_abs": {
          "cbar": 0.0004111346075014241,
          "sbar": 8.428946236314444e-05,
          "ubar": 0.00044036779363977173,
          "dbar": 4.5141649907390966e-06,
          "g": 0.0013088560052217594,
          "d": 4.547566228469993e-05,
          "u": 0.0008068899171366121,
          "s": 0.00017446342533504992,
          "c": 0.00012202017849496534
        },
        "shapley_values_per_replica": null,
        "phi_even_per_replica": null,
        "phi_odd_per_replica": null,
        "phi_odd_signed_per_replica": null,
        "shapley_values_per_sign_sample": null,
        "shapley_std": null,
        "std_even_rep": null,
        "shapley_err": null,
        "shapley_values_odd": {
          "cbar": 0.0004111346075014241,
          "sbar": 8.428946236314444e-05,
          "ubar": 0.00044036779363977173,
          "dbar": 4.5141649907390966e-06,
          "g": 0.0013088560052217594,
          "d": 4.547566228469993e-05,
          "u": 0.0008068899171366121,
          "s": 0.00017446342533504992,
          "c": 0.00012202017849496534
        },
        "shapley_odd_std": null,
        "std_odd_rep": null,
        "shapley_odd_err": null,
        "shapley_sign_std": null,
        "shapley_sign_err": null,
        "per_replica": false,
        "random_sign": false,
        "member_mode": "central",
        "n_sign_samples": 1,
        "antithetic_sign": false,
        "deterministic_sign_symmetrized": true,
        "random_seed": null,
        "baseline_chi2": 1.1425467209619293,
        "validation_checks": {
          "completeness_even": {
            "max_abs_diff": 8.673617379884035e-19,
            "tol": 1e-10,
            "pass": true
          },
          "completeness_odd": {
            "max_abs_diff": 1.6263032587282567e-18,
            "tol": 1e-10,
            "pass": true
          },
          "empty_even_zero": {
            "max_abs_diff": 0.0,
            "tol": 1e-10,
            "pass": true
          },
          "empty_odd_zero": {
            "max_abs_diff": 0.0,
            "tol": 1e-10,
            "pass": true
          },
          "chi2_symmetry_residual": 0.0067435595094786915,
          "odd_zero_if_symmetric": {
            "phi_odd_max_abs": 0.0013088560052217594,
            "tol": 1e-10,
            "pass": true
          },
          "even_vs_pm": {
            "max_abs_diff": 4.3259666682171627e-17,
            "tol": 1e-10,
            "pass": true
          },
          "odd_vs_pm": {
            "max_abs_diff": 1.0842021724855044e-18,
            "tol": 1e-10,
            "pass": true
          }
        },
        "coalitions_evaluated": 512,
        "theory_evaluations": 1023,
        "elapsed_seconds": 1915.1,
        "n_jobs": 16,
        "n_datasets_used": 82,
        "stabilization": {
          "enabled": true,
          "action": "exclude_dataset",
          "dataset_delta_chi2_threshold": 100000.0,
          "max_outlier_coalitions": 5,
          "stable_rerun_performed": false,
          "n_excluded_datasets": 0,
          "excluded_datasets": [],
          "report_json": "/home/dakshanshchawda/nnpdf/validphys2/src/validphys/shapley/sv_results/nnpdf40_physical/20260514_093633_physical_xscan_dense_evol/mu_34/stabilization_report_flavor.json"
        }
      }
    }
  },
  "metadata": {
    "runcard": "/home/dakshanshchawda/nnpdf/validphys2/src/validphys/shapley/runcards/nnpdf4.0_physical_dense.yaml",
    "pdf_name": "NNPDF40_nnlo_as_01180",
    "theory_id": 708,
    "n_datasets": 82,
    "n_replicas": 100,
    "perturbation": {
      "mu": 0.0460321523456,
      "sigma": 0.25,
      "amplitude": 1.0,
      "mode": "physical",
      "xspace": "logx",
      "per_replica": false,
      "random_sign": false,
      "member_mode": "central",
      "n_sign_samples": 1,
      "antithetic_sign": false,
      "deterministic_sign_symmetrized": true,
      "random_seed": null
    },
    "enforce_sumrules": false,
    "n_jobs": 16,
    "stabilization": {
      "enabled": true,
      "action": "exclude_dataset",
      "dataset_delta_chi2_threshold": 100000.0,
      "max_outlier_coalitions": 5,
      "rerun_stable": true
    }
  }
}