flavour,shapley_value
cbar,0.00049392
sbar,0.00010724
ubar,0.00057201
dbar,0.00000805
g,0.00132580
d,0.00004322
u,0.00083365
s,-0.00010042
c,0.00016324
