flavour,shapley_value
cbar,0.00041113
sbar,0.00008429
ubar,0.00044037
dbar,0.00000451
g,0.00130886
d,0.00004548
u,0.00080689
s,0.00017446
c,0.00012202
