flavour,shapley_value
cbar,0.00115584
sbar,0.00034097
ubar,0.00118324
dbar,0.00031816
g,-0.00114068
d,0.00029045
u,0.00108939
s,0.00030859
c,0.00115441
