flavour,shapley_value
cbar,0.00086240
sbar,0.00029751
ubar,0.00107779
dbar,0.00027606
g,0.00082892
d,0.00026492
u,0.00097921
s,0.00027089
c,0.00086483
