{
  "outlier_n_sigma": 3.0,
  "chi2_stats": {
    "n_coalitions": 512,
    "mean": 0.0034509856524078627,
    "std": 0.0021248142024684266,
    "min": 0.0,
    "max": 0.011099771428719762,
    "median": 0.0030034331727329944,
    "p95": 0.007392762124704233,
    "p99": 0.009646101549383322
  },
  "outlier_chi2_threshold": 0.009825428259813142,
  "n_outlier_coalitions": 3,
  "outlier_coalitions": [
    {
      "coalition": [
        0,
        1,
        2,
        3,
        5,
        6,
        7,
        8
      ],
      "coalition_labels": [
        "cbar",
        "sbar",
        "ubar",
        "dbar",
        "d",
        "u",
        "s",
        "c"
      ],
      "size": 8,
      "chi2": 0.011099771428719762,
      "z_score": 3.599743341053631
    },
    {
      "coalition": [
        0,
        1,
        2,
        3,
        4,
        5,
        6,
        7,
        8
      ],
      "coalition_labels": [
        "cbar",
        "sbar",
        "ubar",
        "dbar",
        "g",
        "d",
        "u",
        "s",
        "c"
      ],
      "size": 9,
      "chi2": 0.010660690027417763,
      "z_score": 3.393098731472279
    },
    {
      "coalition": [
        0,
        1,
        2,
        3,
        6,
        7,
        8
      ],
      "coalition_labels": [
        "cbar",
        "sbar",
        "ubar",
        "dbar",
        "u",
        "s",
        "c"
      ],
      "size": 7,
      "chi2": 0.009975846638665464,
      "z_score": 3.070791309036611
    }
  ],
  "per_player_marginals": {
    "cbar": {
      "n_marginals": 256,
      "mean": 0.002028897433053722,
      "std": 0.0006924170056105638,
      "min": 0.0003599700555629859,
      "max": 0.0036978248401606795,
      "p05": 0.000822738538435841,
      "p95": 0.0032350563442012925,
      "n_outliers_high": 0,
      "n_outliers_low": 0
    },
    "sbar": {
      "n_marginals": 256,
      "mean": 0.0007325133610912261,
      "std": 0.00030769384075672536,
      "min": -6.328822727619254e-05,
      "max": 0.0015283147110287665,
      "p05": 0.00021195721051192606,
      "p95": 0.0012530692994725534,
      "n_outliers_high": 0,
      "n_outliers_low": 0
    },
    "ubar": {
      "n_marginals": 256,
      "mean": 0.0017204180859106818,
      "std": 0.0006499790752513646,
      "min": 0.00010409975216529865,
      "max": 0.0033367364803544852,
      "p05": 0.0006321479281835019,
      "p95": 0.0028086881631150806,
      "n_outliers_high": 0,
      "n_outliers_low": 0
    },
    "dbar": {
      "n_marginals": 256,
      "mean": 0.0008391273018403369,
      "std": 0.00023401442347287374,
      "min": 0.00024016559263295711,
      "max": 0.001438088950843408,
      "p05": 0.0004567923122849038,
      "p95": 0.0012214621273524129,
      "n_outliers_high": 0,
      "n_outliers_low": 0
    },
    "g": {
      "n_marginals": 256,
      "mean": 0.00020303419381046631,
      "std": 0.00029168069984623495,
      "min": -0.0005464550587084283,
      "max": 0.0009525234023013418,
      "p05": -0.00027789668576355675,
      "p95": 0.0006839649920714064,
      "n_outliers_high": 0,
      "n_outliers_low": 0
    },
    "d": {
      "n_marginals": 256,
      "mean": 0.0005210148984310407,
      "std": 0.00023471257352195309,
      "min": -8.189495947763525e-05,
      "max": 0.0011239247900542981,
      "p05": 0.00013276576309612098,
      "p95": 0.0009092640697784815,
      "n_outliers_high": 0,
      "n_outliers_low": 0
    },
    "u": {
      "n_marginals": 256,
      "mean": 0.0019125193631834804,
      "std": 0.000723573043247265,
      "min": 5.5921282415605233e-05,
      "max": 0.003769117418418011,
      "p05": 0.0006914750312291829,
      "p95": 0.003133563665429717,
      "n_outliers_high": 0,
      "n_outliers_low": 0
    },
    "s": {
      "n_marginals": 256,
      "mean": 0.0006514550786458568,
      "std": 0.00028932691761399576,
      "min": -8.997232769347718e-05,
      "max": 0.0013928825137872192,
      "p05": 0.00017423641891878283,
      "p95": 0.0011286737024988058,
      "n_outliers_high": 0,
      "n_outliers_low": 0
    },
    "c": {
      "n_marginals": 256,
      "mean": 0.0020517103526514367,
      "std": 0.0006908764463341495,
      "min": 0.00038149673637466464,
      "max": 0.0037219239342021204,
      "p05": 0.0008581606255366747,
      "p95": 0.0032452600544632393,
      "n_outliers_high": 0,
      "n_outliers_low": 0
    }
  }
}