flavour,shapley_value
cbar,0.00202890
sbar,0.00073251
ubar,0.00172042
dbar,0.00083913
g,0.00020303
d,0.00052101
u,0.00191252
s,0.00065146
c,0.00205171
