flavour,shapley_value
cbar,0.00096513
sbar,0.00014856
ubar,0.00051256
dbar,0.00004686
g,0.00178365
d,0.00027205
u,0.00052491
s,0.00024388
c,0.00096965
