x;Q2;g1;stat;sys
0.0001;0.02;-1;4.7;0.4
0.00022;0.06;6.4;4.3;1.4
0.00039;0.1;3.3;4.8;0.9
0.00063;0.17;4.7;4.6;1.1
0.001;0.26;2.7;4.3;0.7
0.0016;0.4;-3.8;3.2;0.8
0.0025;0.63;-0.6;2.8;0.3
