	central_mean	npoints	chi2_per_data	perreplica_mean	perreplica_std
NTVNBDMN	17.229880620803023	16	1.076867538800189	65.50496082985734	144.46733499623602
