	central_mean	npoints	chi2_per_data	perreplica_mean	perreplica_std
CHORUSNU	176.49094489830782	215	0.8208881158060829	208.73513009044723	43.534123471782394
