	central_mean	npoints	chi2_per_data	perreplica_mean	perreplica_std
HERACOMBCCEM	45.72517101096485	42	1.0886945478801155	54.922954611509425	10.141638968331764
