	central_mean	npoints	chi2_per_data	perreplica_mean	perreplica_std
HERACOMBNCEP920	4098.100530714813	298	13.752015203740985	4151.2649724033245	274.00599965867224
