	central_mean	npoints	chi2_per_data	perreplica_mean	perreplica_std
SLACP	4.62862216984776	6	0.77143702830796	6.2853919516023575	4.266636579510101
