	central_mean	npoints	chi2_per_data	perreplica_mean	perreplica_std
HERACOMBNCEP920	371.4946579618221	298	1.246626368999403	415.7835751914225	46.3198529325252
