	central_mean	npoints	chi2_per_data	perreplica_mean	perreplica_std
HERACOMBNCEP460	993.6533261161334	167	5.9500199168630745	998.9376345342348	63.826674997252276
