	central_mean	npoints	chi2_per_data	perreplica_mean	perreplica_std
HERACOMBNCEM	324.83828161832747	159	2.0430080604926255	339.005474897573	19.54597726382385
