	central_mean	npoints	chi2_per_data	perreplica_mean	perreplica_std
HERAF2CHARM	62.543225809886884	31	2.0175234132221576	119.82544110323416	74.18803341743569
