	central_mean	npoints	chi2_per_data	perreplica_mean	perreplica_std
SLACD	1.6777376808862996	6	0.27962294681438327	4.545830107031145	4.717213254200234
