	central_mean	npoints	chi2_per_data	perreplica_mean	perreplica_std
HERACOMBCCEP	51.38749504459422	39	1.3176280780665184	79.03946877074137	36.55634990595989
