	central_mean	npoints	chi2_per_data	perreplica_mean	perreplica_std
H1HERAF2B	5.536628348382694	9	0.6151809275980771	5.601766433542971	0.15088412748515334
