	central_mean	npoints	chi2_per_data	perreplica_mean	perreplica_std
CHORUSNB	245.65761466313697	215	1.14259355657273	358.19852549456334	84.99616868992202
