	central_mean	npoints	chi2_per_data	perreplica_mean	perreplica_std
SLACP	3.7751192571105596	6	0.6291865428517599	4.4163683244271486	2.214307259239516
