	central_mean	npoints	chi2_per_data	perreplica_mean	perreplica_std
CHORUSNU	191.58753980393695	215	0.8911048362973811	247.8804390844803	64.02530781872049
