	central_mean	npoints	chi2_per_data	perreplica_mean	perreplica_std
HERACOMBCCEP	49.798375769040916	39	1.276881429975408	80.38236662154056	48.939331581647885
