	central_mean	npoints	chi2_per_data	perreplica_mean	perreplica_std
H1HERAF2B	5.098407022533154	9	0.5664896691703505	5.236504547034806	0.19131605443848765
