	central_mean	npoints	chi2_per_data	perreplica_mean	perreplica_std
HERACOMBCCEM	38.533387150602245	42	0.917461598823863	50.36830691923625	12.933584255481748
