	central_mean	npoints	chi2_per_data	perreplica_mean	perreplica_std
NMCPD	57.407768163449425	64	0.8969963775538973	75.7593908744836	20.871521744785028
