	central_mean	npoints	chi2_per_data	perreplica_mean	perreplica_std
HERACOMBNCEP575	732.5207360332083	206	3.5559259030738266	736.8204351420737	49.18140279297639
