	central_mean	npoints	chi2_per_data	perreplica_mean	perreplica_std
BCDMSD	239.32417510510874	234	1.0227528850645673	268.9471726996563	19.55475797791938
