	central_mean	npoints	chi2_per_data	perreplica_mean	perreplica_std
HERACOMBNCEP820	608.931902643996	56	10.873783975785642	613.2601651325515	54.412427279960355
