	central_mean	npoints	chi2_per_data	perreplica_mean	perreplica_std
HERAF2CHARM	236.63032345705093	31	7.63323624055003	246.68498083853225	43.572861899581
