	central_mean	npoints	chi2_per_data	perreplica_mean	perreplica_std
NTVNBDMN	7.968136031752487	16	0.49800850198453045	28.64304175247696	33.864206319909385
