	central_mean	npoints	chi2_per_data	perreplica_mean	perreplica_std
NMC	113.55480308254066	70	1.6222114726077237	121.90329170997643	10.974718572624818
