	central_mean	npoints	chi2_per_data	perreplica_mean	perreplica_std
NTVNUDMN	20.48222987293361	25	0.8192891949173443	51.22040576670037	47.64845071890855
