	central_mean	npoints	chi2_per_data	perreplica_mean	perreplica_std
ZEUSHERAF2B	17.63006593832406	13	1.35615891833262	17.88194353889279	1.439870118600476
