	central_mean	npoints	chi2_per_data	perreplica_mean	perreplica_std
HERACOMBNCEP575	170.14482966271083	206	0.8259457750617031	173.34253668841046	3.328056729528847
