	central_mean	npoints	chi2_per_data	perreplica_mean	perreplica_std
ZEUSHERAF2B	13.42120048085157	13	1.0324000369885824	13.526731109790695	0.22343786237406815
