	central_mean	npoints	chi2_per_data	perreplica_mean	perreplica_std
HERACOMBNCEP460	194.14910681049355	167	1.1625695018592428	198.70780249601574	6.8004882116872984
