	central_mean	npoints	chi2_per_data	perreplica_mean	perreplica_std
BCDMSD	330.8179953710582	234	1.4137521169703342	446.12884388858305	112.54290752850937
