	central_mean	npoints	chi2_per_data	perreplica_mean	perreplica_std
NTVNUDMN	30.347516670912466	25	1.2139006668364987	65.45777078702835	45.791619790532266
