	central_mean	npoints	chi2_per_data	perreplica_mean	perreplica_std
SLACD	8.020745445103056	6	1.336790907517176	9.224839773109897	6.432571452856739
