	central_mean	npoints	chi2_per_data	perreplica_mean	perreplica_std
CHORUSNB	238.90198708956808	215	1.1111720329747352	283.7144871886216	37.092389646412315
