	central_mean	npoints	chi2_per_data	perreplica_mean	perreplica_std
NMC	132.813360314486	70	1.8973337187783714	150.25504767685558	29.54495563245427
