	central_mean	npoints	chi2_per_data	perreplica_mean	perreplica_std
BCDMSP	323.2850041576446	296	1.0921790681001506	361.8857045038328	26.89666710976838
