	central_mean	npoints	chi2_per_data	perreplica_mean	perreplica_std
BCDMSP	388.54424940824475	296	1.31264949124407	535.2939613572548	105.15274552551587
