	central_mean	npoints	chi2_per_data	perreplica_mean	perreplica_std
HERACOMBNCEP820	41.504127939203215	56	0.7411451417714859	44.77516748258761	3.3026138386607324
