	central_mean	npoints	chi2_per_data	perreplica_mean	perreplica_std
NMCPD	64.12346086446578	64	1.0019290760072779	81.99887752630666	17.698628781130875
