	central_mean	npoints	chi2_per_data	perreplica_mean	perreplica_std
HERACOMBNCEM	243.77793738545822	159	1.5331945747513096	255.85799114180276	14.313103421281612
