flavour,shapley_value
cbar,0.00022326
sbar,0.00023969
ubar,0.00001895
dbar,0.00000439
g,0.00005515
d,0.00000741
u,0.00005259
s,0.00026985
c,0.00014066
