flavour,shapley_value
cbar,0.00023883
sbar,-0.00023502
ubar,0.00000422
dbar,-0.00000106
g,0.00005746
d,0.00000815
u,0.00005905
s,-0.00025599
c,-0.00013062
