{
  "outlier_n_sigma": 3.0,
  "chi2_stats": {
    "n_coalitions": 512,
    "mean": 2.3077886488656173e-05,
    "std": 0.00014853647970292872,
    "min": -0.00018392655974031058,
    "max": 0.00023467442216063006,
    "median": 2.0786024863994612e-05,
    "p95": 0.00023454841548052884,
    "p99": 0.00023463413975656876
  },
  "outlier_chi2_threshold": 0.0004686873255974423,
  "n_outlier_coalitions": 0,
  "outlier_coalitions": [],
  "per_player_marginals": {
    "cbar": {
      "n_marginals": 256,
      "mean": 4.4544764171532136e-08,
      "std": 3.968477794851854e-08,
      "min": 3.3944738131452823e-09,
      "max": 8.569538478830907e-08,
      "p05": 3.408037463348279e-09,
      "p95": 8.568182091606147e-08,
      "n_outliers_high": 0,
      "n_outliers_low": 0
    },
    "sbar": {
      "n_marginals": 256,
      "mean": -0.00018793188249604294,
      "std": 4.472263657837909e-06,
      "min": -0.00019240931564801222,
      "max": -0.000183454450338294,
      "p05": -0.00019240747626192434,
      "p95": -0.00018345628935723113,
      "n_outliers_high": 0,
      "n_outliers_low": 0
    },
    "ubar": {
      "n_marginals": 256,
      "mean": 1.4871306228993186e-08,
      "std": 2.3236747582581655e-08,
      "min": -9.164121461679997e-09,
      "max": 3.8906922128489896e-08,
      "p05": -9.156169211710363e-09,
      "p95": 3.8898970045053716e-08,
      "n_outliers_high": 0,
      "n_outliers_low": 0
    },
    "dbar": {
      "n_marginals": 256,
      "mean": -1.4128529344722973e-09,
      "std": 3.527888871438597e-11,
      "min": -1.462771459515011e-09,
      "max": -1.362933765847174e-09,
      "p05": -1.4627464239858057e-09,
      "p95": -1.362960133644009e-09,
      "n_outliers_high": 0,
      "n_outliers_low": 0
    },
    "g": {
      "n_marginals": 256,
      "mean": -4.600674301516103e-07,
      "std": 1.1702992629805065e-10,
      "min": -4.602196492786703e-07,
      "max": -4.599152174655785e-07,
      "p05": -4.6021954158703693e-07,
      "p95": -4.5991532393596657e-07,
      "n_outliers_high": 0,
      "n_outliers_low": 0
    },
    "d": {
      "n_marginals": 256,
      "mean": -1.3176305732262583e-09,
      "std": 3.3390549468580815e-11,
      "min": -1.3647654117932007e-09,
      "max": -1.2704961527276737e-09,
      "p05": -1.3647432073327082e-09,
      "p95": -1.2705194674111908e-09,
      "n_outliers_high": 0,
      "n_outliers_low": 0
    },
    "u": {
      "n_marginals": 256,
      "mean": 3.9713134009598805e-08,
      "std": 2.2491748000011057e-08,
      "min": 1.6273193903515448e-08,
      "max": 6.315324219130503e-08,
      "p05": 1.6281143266905218e-08,
      "p95": 6.314529388262713e-08,
      "n_outliers_high": 0,
      "n_outliers_low": 0
    },
    "s": {
      "n_marginals": 256,
      "mean": 0.00023002983589963649,
      "std": 4.4727223242678475e-06,
      "min": 0.0002254334914986167,
      "max": 0.00023462618129155288,
      "p05": 0.00022547856296206703,
      "p95": 0.00023458110950042022,
      "n_outliers_high": 0,
      "n_outliers_low": 0
    },
    "c": {
      "n_marginals": 256,
      "mean": 6.817181909344466e-08,
      "std": 3.867740261895246e-08,
      "min": 2.770902884918769e-08,
      "max": 1.0863492017065823e-07,
      "p05": 2.7722694251330893e-08,
      "p95": 1.0862125499055963e-07,
      "n_outliers_high": 0,
      "n_outliers_low": 0
    }
  }
}