{
  "timestamp": "2026-05-14T10:06:51.773550",
  "results": {
    "results_by_basis": {
      "flavor": {
        "shapley_values": {
          "cbar": 4.454470880356169e-08,
          "sbar": -0.00018793188266148046,
          "ubar": 1.4871274657480251e-08,
          "dbar": -1.4128529391395295e-09,
          "g": -4.600674292391868e-07,
          "d": -1.3176304838219146e-09,
          "u": 3.971310567697983e-08,
          "s": 0.0002300298357337503,
          "c": 6.817176707030192e-08
        },
        "phi_even": {
          "cbar": 4.454470880356169e-08,
          "sbar": -0.00018793188266148046,
          "ubar": 1.4871274657480251e-08,
          "dbar": -1.4128529391395295e-09,
          "g": -4.600674292391868e-07,
          "d": -1.3176304838219146e-09,
          "u": 3.971310567697983e-08,
          "s": 0.0002300298357337503,
          "c": 6.817176707030192e-08
        },
        "phi_odd": {
          "cbar": 4.462824296564476e-08,
          "sbar": 0.00018793122950470326,
          "ubar": 1.4662282565814164e-08,
          "dbar": 7.745630314826709e-10,
          "g": 4.6737976305445176e-07,
          "d": 7.96078361079968e-10,
          "u": 4.0213965232881846e-08,
          "s": 0.00023003041074643615,
          "c": 6.858588893681851e-08
        },
        "phi_odd_signed": {
          "cbar": -4.462824296564476e-08,
          "sbar": 0.00018793122950470326,
          "ubar": -1.4662282565814164e-08,
          "dbar": 7.745630314826709e-10,
          "g": -4.6737976305445176e-07,
          "d": 7.96078361079968e-10,
          "u": -4.0213965232881846e-08,
          "s": -0.00023003041074643615,
          "c": -6.858588893681851e-08
        },
        "sign_sensitivity_abs": {
          "cbar": 4.462824296564476e-08,
          "sbar": 0.00018793122950470326,
          "ubar": 1.4662282565814164e-08,
          "dbar": 7.745630314826709e-10,
          "g": 4.6737976305445176e-07,
          "d": 7.96078361079968e-10,
          "u": 4.0213965232881846e-08,
          "s": 0.00023003041074643615,
          "c": 6.858588893681851e-08
        },
        "shapley_values_per_replica": null,
        "phi_even_per_replica": null,
        "phi_odd_per_replica": null,
        "phi_odd_signed_per_replica": null,
        "shapley_values_per_sign_sample": null,
        "shapley_std": null,
        "std_even_rep": null,
        "shapley_err": null,
        "shapley_values_odd": {
          "cbar": 4.462824296564476e-08,
          "sbar": 0.00018793122950470326,
          "ubar": 1.4662282565814164e-08,
          "dbar": 7.745630314826709e-10,
          "g": 4.6737976305445176e-07,
          "d": 7.96078361079968e-10,
          "u": 4.0213965232881846e-08,
          "s": 0.00023003041074643615,
          "c": 6.858588893681851e-08
        },
        "shapley_odd_std": null,
        "std_odd_rep": null,
        "shapley_odd_err": null,
        "shapley_sign_std": null,
        "shapley_sign_err": null,
        "per_replica": false,
        "random_sign": false,
        "member_mode": "central",
        "n_sign_samples": 1,
        "antithetic_sign": false,
        "deterministic_sign_symmetrized": true,
        "random_seed": null,
        "baseline_chi2": 1.1425467209619293,
        "validation_checks": {
          "completeness_even": {
            "max_abs_diff": 1.2874900798265365e-19,
            "tol": 1e-10,
            "pass": true
          },
          "completeness_odd": {
            "max_abs_diff": 4.743384504624082e-20,
            "tol": 1e-10,
            "pass": true
          },
          "empty_even_zero": {
            "max_abs_diff": 0.0,
            "tol": 1e-10,
            "pass": true
          },
          "empty_odd_zero": {
            "max_abs_diff": 0.0,
            "tol": 1e-10,
            "pass": true
          },
          "chi2_symmetry_residual": 0.0004702866374597381,
          "odd_zero_if_symmetric": {
            "phi_odd_max_abs": 0.00023003041074643615,
            "tol": 1e-10,
            "pass": true
          },
          "even_vs_pm": {
            "max_abs_diff": 2.180794187058073e-17,
            "tol": 1e-10,
            "pass": true
          },
          "odd_vs_pm": {
            "max_abs_diff": 1.6263032587282567e-19,
            "tol": 1e-10,
            "pass": true
          }
        },
        "coalitions_evaluated": 512,
        "theory_evaluations": 1023,
        "elapsed_seconds": 1729.8,
        "n_jobs": 16,
        "n_datasets_used": 82,
        "stabilization": {
          "enabled": true,
          "action": "exclude_dataset",
          "dataset_delta_chi2_threshold": 100000.0,
          "max_outlier_coalitions": 5,
          "stable_rerun_performed": false,
          "n_excluded_datasets": 0,
          "excluded_datasets": [],
          "report_json": "/home/dakshanshchawda/nnpdf/validphys2/src/validphys/shapley/sv_results/nnpdf40_physical/20260514_093633_physical_xscan_dense_evol/mu_47/stabilization_report_flavor.json"
        }
      }
    }
  },
  "metadata": {
    "runcard": "/home/dakshanshchawda/nnpdf/validphys2/src/validphys/shapley/runcards/nnpdf4.0_physical_dense.yaml",
    "pdf_name": "NNPDF40_nnlo_as_01180",
    "theory_id": 708,
    "n_datasets": 82,
    "n_replicas": 100,
    "perturbation": {
      "mu": 0.515401916674,
      "sigma": 0.25,
      "amplitude": 1.0,
      "mode": "physical",
      "xspace": "logx",
      "per_replica": false,
      "random_sign": false,
      "member_mode": "central",
      "n_sign_samples": 1,
      "antithetic_sign": false,
      "deterministic_sign_symmetrized": true,
      "random_seed": null
    },
    "enforce_sumrules": false,
    "n_jobs": 16,
    "stabilization": {
      "enabled": true,
      "action": "exclude_dataset",
      "dataset_delta_chi2_threshold": 100000.0,
      "max_outlier_coalitions": 5,
      "rerun_stable": true
    }
  }
}