flavour,shapley_value
cbar,0.00000004
sbar,-0.00018793
ubar,0.00000001
dbar,-0.00000000
g,-0.00000046
d,-0.00000000
u,0.00000004
s,0.00023003
c,0.00000007
