{
  "outlier_n_sigma": 3.0,
  "chi2_stats": {
    "n_coalitions": 512,
    "mean": 0.004552166681934209,
    "std": 0.0024800168580650685,
    "min": 0.0,
    "max": 0.01350556681059678,
    "median": 0.0042196749764499275,
    "p95": 0.009043383351062894,
    "p99": 0.01116607412354444
  },
  "outlier_chi2_threshold": 0.011992217256129414,
  "n_outlier_coalitions": 3,
  "outlier_coalitions": [
    {
      "coalition": [
        0,
        1,
        2,
        3,
        4,
        5,
        6,
        7,
        8
      ],
      "coalition_labels": [
        "cbar",
        "sbar",
        "ubar",
        "dbar",
        "g",
        "d",
        "u",
        "s",
        "c"
      ],
      "size": 9,
      "chi2": 0.01350556681059678,
      "z_score": 3.610217446524979
    },
    {
      "coalition": [
        0,
        1,
        2,
        3,
        4,
        6,
        7,
        8
      ],
      "coalition_labels": [
        "cbar",
        "sbar",
        "ubar",
        "dbar",
        "g",
        "u",
        "s",
        "c"
      ],
      "size": 8,
      "chi2": 0.012553309985810612,
      "z_score": 3.2262455304916626
    },
    {
      "coalition": [
        0,
        1,
        2,
        3,
        4,
        5,
        6,
        8
      ],
      "coalition_labels": [
        "cbar",
        "sbar",
        "ubar",
        "dbar",
        "g",
        "d",
        "u",
        "c"
      ],
      "size": 8,
      "chi2": 0.012034176719188272,
      "z_score": 3.0169190233213152
    }
  ],
  "per_player_marginals": {
    "cbar": {
      "n_marginals": 256,
      "mean": 0.0018470637050091348,
      "std": 0.0006300396289328824,
      "min": 0.0003938197215123118,
      "max": 0.0033003107309854673,
      "p05": 0.0007498271194573136,
      "p95": 0.002944296258891421,
      "n_outliers_high": 0,
      "n_outliers_low": 0
    },
    "sbar": {
      "n_marginals": 256,
      "mean": 0.0009376809545397708,
      "std": 0.00033799649494775007,
      "min": 7.76867868534925e-05,
      "max": 0.0017976806119612831,
      "p05": 0.00039481223045234604,
      "p95": 0.0014805503712980173,
      "n_outliers_high": 0,
      "n_outliers_low": 0
    },
    "ubar": {
      "n_marginals": 256,
      "mean": 0.00170513144948787,
      "std": 0.0006108587730256932,
      "min": 0.00017959640158737855,
      "max": 0.003230671323622536,
      "p05": 0.0007119276666515129,
      "p95": 0.0026983423429796094,
      "n_outliers_high": 0,
      "n_outliers_low": 0
    },
    "dbar": {
      "n_marginals": 256,
      "mean": 0.001451631364251387,
      "std": 0.0004533562220981968,
      "min": 0.0005105494296735458,
      "max": 0.002392694962477737,
      "p05": 0.0007123051004592207,
      "p95": 0.0021909681656262503,
      "n_outliers_high": 0,
      "n_outliers_low": 0
    },
    "g": {
      "n_marginals": 256,
      "mean": 0.0024278248413527022,
      "std": 0.00039167646724256477,
      "min": 0.001735544101508557,
      "max": 0.0031200879930568526,
      "p05": 0.0018841957420850375,
      "p95": 0.002971435298200986,
      "n_outliers_high": 0,
      "n_outliers_low": 0
    },
    "d": {
      "n_marginals": 256,
      "mean": 0.0005033039635805635,
      "std": 0.00024248228556147236,
      "min": -0.00012803765592828142,
      "max": 0.0011346454931036032,
      "p05": 9.729457477769543e-05,
      "p95": 0.0009093113326262281,
      "n_outliers_high": 0,
      "n_outliers_low": 0
    },
    "u": {
      "n_marginals": 256,
      "mean": 0.001962608898068408,
      "std": 0.0006381228071844708,
      "min": 0.00035139010404172666,
      "max": 0.003573827795618101,
      "p05": 0.0009522381465804086,
      "p95": 0.0029729812815204593,
      "n_outliers_high": 0,
      "n_outliers_low": 0
    },
    "s": {
      "n_marginals": 256,
      "mean": 0.0007743500468798048,
      "std": 0.0003233559475886098,
      "min": -1.3227723928643798e-05,
      "max": 0.0015619276605858268,
      "p05": 0.0002495305936238146,
      "p95": 0.001299170144237749,
      "n_outliers_high": 0,
      "n_outliers_low": 0
    },
    "c": {
      "n_marginals": 256,
      "mean": 0.0018959591541735576,
      "std": 0.0006255504198163699,
      "min": 0.00036769263039859723,
      "max": 0.003424226476646197,
      "p05": 0.0008550344467356252,
      "p95": 0.0029368854428652447,
      "n_outliers_high": 0,
      "n_outliers_low": 0
    }
  }
}