{
  "timestamp": "2026-05-14T10:05:56.224945",
  "results": {
    "results_by_basis": {
      "flavor": {
        "shapley_values": {
          "cbar": 0.0018470642120884883,
          "sbar": 0.0009376818694946093,
          "ubar": 0.0017051347151796706,
          "dbar": 0.0014516350067584132,
          "g": 0.002427827956581072,
          "d": 0.0005033043095474733,
          "u": 0.0019626094489348595,
          "s": 0.0007743500047228835,
          "c": 0.0018959592872893117
        },
        "phi_even": {
          "cbar": 0.0018470642120884883,
          "sbar": 0.0009376818694946093,
          "ubar": 0.0017051347151796706,
          "dbar": 0.0014516350067584132,
          "g": 0.002427827956581072,
          "d": 0.0005033043095474733,
          "u": 0.0019626094489348595,
          "s": 0.0007743500047228835,
          "c": 0.0018959592872893117
        },
        "phi_odd": {
          "cbar": 0.0009650293463518183,
          "sbar": 0.00034592701676420536,
          "ubar": 0.00044552114179820484,
          "dbar": 0.0010352405195202395,
          "g": 0.0014481678792568461,
          "d": 8.347796919887597e-05,
          "u": 0.0005467665079324664,
          "s": 6.211369232598347e-05,
          "c": 0.0008085943554765575
        },
        "phi_odd_signed": {
          "cbar": 0.0009650293463518183,
          "sbar": -0.00034592701676420536,
          "ubar": 0.00044552114179820484,
          "dbar": -0.0010352405195202395,
          "g": 0.0014481678792568461,
          "d": 8.347796919887597e-05,
          "u": -0.0005467665079324664,
          "s": -6.211369232598347e-05,
          "c": 0.0008085943554765575
        },
        "sign_sensitivity_abs": {
          "cbar": 0.0009650293463518183,
          "sbar": 0.00034592701676420536,
          "ubar": 0.00044552114179820484,
          "dbar": 0.0010352405195202395,
          "g": 0.0014481678792568461,
          "d": 8.347796919887597e-05,
          "u": 0.0005467665079324664,
          "s": 6.211369232598347e-05,
          "c": 0.0008085943554765575
        },
        "shapley_values_per_replica": null,
        "phi_even_per_replica": null,
        "phi_odd_per_replica": null,
        "phi_odd_signed_per_replica": null,
        "shapley_values_per_sign_sample": null,
        "shapley_std": null,
        "std_even_rep": null,
        "shapley_err": null,
        "shapley_values_odd": {
          "cbar": 0.0009650293463518183,
          "sbar": 0.00034592701676420536,
          "ubar": 0.00044552114179820484,
          "dbar": 0.0010352405195202395,
          "g": 0.0014481678792568461,
          "d": 8.347796919887597e-05,
          "u": 0.0005467665079324664,
          "s": 6.211369232598347e-05,
          "c": 0.0008085943554765575
        },
        "shapley_odd_std": null,
        "std_odd_rep": null,
        "shapley_odd_err": null,
        "shapley_sign_std": null,
        "shapley_sign_err": null,
        "per_replica": false,
        "random_sign": false,
        "member_mode": "central",
        "n_sign_samples": 1,
        "antithetic_sign": false,
        "deterministic_sign_symmetrized": true,
        "random_seed": null,
        "baseline_chi2": 1.1425467209619293,
        "validation_checks": {
          "completeness_even": {
            "max_abs_diff": 0.0,
            "tol": 1e-10,
            "pass": true
          },
          "completeness_odd": {
            "max_abs_diff": 6.505213034913027e-19,
            "tol": 1e-10,
            "pass": true
          },
          "empty_even_zero": {
            "max_abs_diff": 0.0,
            "tol": 1e-10,
            "pass": true
          },
          "empty_odd_zero": {
            "max_abs_diff": 0.0,
            "tol": 1e-10,
            "pass": true
          },
          "chi2_symmetry_residual": 0.0064780229418131,
          "odd_zero_if_symmetric": {
            "phi_odd_max_abs": 0.0014481678792568461,
            "tol": 1e-10,
            "pass": true
          },
          "even_vs_pm": {
            "max_abs_diff": 2.6129272356900657e-17,
            "tol": 1e-10,
            "pass": true
          },
          "odd_vs_pm": {
            "max_abs_diff": 4.336808689942018e-19,
            "tol": 1e-10,
            "pass": true
          }
        },
        "coalitions_evaluated": 512,
        "theory_evaluations": 1023,
        "elapsed_seconds": 1673.7,
        "n_jobs": 16,
        "n_datasets_used": 82,
        "stabilization": {
          "enabled": true,
          "action": "exclude_dataset",
          "dataset_delta_chi2_threshold": 100000.0,
          "max_outlier_coalitions": 5,
          "stable_rerun_performed": false,
          "n_excluded_datasets": 0,
          "excluded_datasets": [],
          "report_json": "/home/dakshanshchawda/nnpdf/validphys2/src/validphys/shapley/sv_results/nnpdf40_physical/20260514_093633_physical_xscan_dense_evol/mu_12/stabilization_report_flavor.json"
        }
      }
    }
  },
  "metadata": {
    "runcard": "/home/dakshanshchawda/nnpdf/validphys2/src/validphys/shapley/runcards/nnpdf4.0_physical_dense.yaml",
    "pdf_name": "NNPDF40_nnlo_as_01180",
    "theory_id": 708,
    "n_datasets": 82,
    "n_replicas": 100,
    "perturbation": {
      "mu": 0.000772124074808,
      "sigma": 0.25,
      "amplitude": 1.0,
      "mode": "physical",
      "xspace": "logx",
      "per_replica": false,
      "random_sign": false,
      "member_mode": "central",
      "n_sign_samples": 1,
      "antithetic_sign": false,
      "deterministic_sign_symmetrized": true,
      "random_seed": null
    },
    "enforce_sumrules": false,
    "n_jobs": 16,
    "stabilization": {
      "enabled": true,
      "action": "exclude_dataset",
      "dataset_delta_chi2_threshold": 100000.0,
      "max_outlier_coalitions": 5,
      "rerun_stable": true
    }
  }
}