flavour,shapley_value
cbar,0.00096503
sbar,0.00034593
ubar,0.00044552
dbar,0.00103524
g,0.00144817
d,0.00008348
u,0.00054677
s,0.00006211
c,0.00080859
