flavour,shapley_value
cbar,0.00184706
sbar,0.00093768
ubar,0.00170513
dbar,0.00145164
g,0.00242783
d,0.00050330
u,0.00196261
s,0.00077435
c,0.00189596
