{
  "outlier_n_sigma": 3.0,
  "chi2_stats": {
    "n_coalitions": 512,
    "mean": 0.013881782915119165,
    "std": 0.007121158341893042,
    "min": 0.0,
    "max": 0.032282544253670276,
    "median": 0.013270892781581,
    "p95": 0.027012920841731503,
    "p99": 0.03087350107464413
  },
  "outlier_chi2_threshold": 0.03524525794079829,
  "n_outlier_coalitions": 0,
  "outlier_coalitions": [],
  "per_player_marginals": {
    "cbar": {
      "n_marginals": 256,
      "mean": 0.0023511826899756177,
      "std": 0.0014656692615252708,
      "min": -0.000954632601824601,
      "max": 0.005659810042013769,
      "p05": -0.00019846524676653265,
      "p95": 0.0049033578970630876,
      "n_outliers_high": 0,
      "n_outliers_low": 0
    },
    "sbar": {
      "n_marginals": 256,
      "mean": 0.0032542483828287916,
      "std": 0.004133947583111674,
      "min": -0.0052442599197837225,
      "max": 0.011755054966736234,
      "p05": -0.0036185315815709385,
      "p95": 0.010123656213934906,
      "n_outliers_high": 0,
      "n_outliers_low": 0
    },
    "ubar": {
      "n_marginals": 256,
      "mean": 0.005101639413675494,
      "std": 0.0029963347279741356,
      "min": -0.0012344950632285911,
      "max": 0.011440340770335844,
      "p05": -9.147696784700399e-05,
      "p95": 0.010295948558585677,
      "n_outliers_high": 0,
      "n_outliers_low": 0
    },
    "dbar": {
      "n_marginals": 256,
      "mean": 0.0032532721351440736,
      "std": 0.006816976175918965,
      "min": -0.012185508051131277,
      "max": 0.018690222865331618,
      "p05": -0.007597183279697439,
      "p95": 0.014104268967821298,
      "n_outliers_high": 0,
      "n_outliers_low": 0
    },
    "g": {
      "n_marginals": 256,
      "mean": 0.0013009910729249756,
      "std": 0.0003582437263061282,
      "min": 0.00048010341107795895,
      "max": 0.0021218130144180503,
      "p05": 0.000689974183074149,
      "p95": 0.0019121290237129607,
      "n_outliers_high": 0,
      "n_outliers_low": 0
    },
    "d": {
      "n_marginals": 256,
      "mean": 0.00431204261026085,
      "std": 0.006684001858979811,
      "min": -0.01063897358977739,
      "max": 0.019264609700912816,
      "p05": -0.00643404874832515,
      "p95": 0.015059440211384056,
      "n_outliers_high": 0,
      "n_outliers_low": 0
    },
    "u": {
      "n_marginals": 256,
      "mean": 0.006547134712025205,
      "std": 0.003179708878667253,
      "min": -0.0001488223719960935,
      "max": 0.013243470244148625,
      "p05": 0.001118133955370637,
      "p95": 0.011976475861505909,
      "n_outliers_high": 0,
      "n_outliers_low": 0
    },
    "s": {
      "n_marginals": 256,
      "mean": 0.0027379706579633177,
      "std": 0.004255490367156943,
      "min": -0.005892592546365538,
      "max": 0.011371203046309564,
      "p05": -0.004179627269317254,
      "p95": 0.009653359032005482,
      "n_outliers_high": 0,
      "n_outliers_low": 0
    },
    "c": {
      "n_marginals": 256,
      "mean": 0.0022012350922029694,
      "std": 0.0012379632982194198,
      "min": -0.0005149520014482434,
      "max": 0.004920819464056203,
      "p05": 7.234587629662004e-05,
      "p95": 0.004332971384599482,
      "n_outliers_high": 0,
      "n_outliers_low": 0
    }
  }
}