{
  "timestamp": "2026-05-14T10:10:16.780327",
  "results": {
    "results_by_basis": {
      "flavor": {
        "shapley_values": {
          "cbar": 0.0023510978845116197,
          "sbar": 0.0032542099588776874,
          "ubar": 0.005101582552006082,
          "dbar": 0.0032536005013829197,
          "g": 0.001301020756755752,
          "d": 0.004311944178958508,
          "u": 0.0065473276623336804,
          "s": 0.0027376886766774812,
          "c": 0.00220129826077308
        },
        "phi_even": {
          "cbar": 0.0023510978845116197,
          "sbar": 0.0032542099588776874,
          "ubar": 0.005101582552006082,
          "dbar": 0.0032536005013829197,
          "g": 0.001301020756755752,
          "d": 0.004311944178958508,
          "u": 0.0065473276623336804,
          "s": 0.0027376886766774812,
          "c": 0.00220129826077308
        },
        "phi_odd": {
          "cbar": 0.001157310773059611,
          "sbar": 0.002317767071210174,
          "ubar": 0.002176213377603999,
          "dbar": 0.0032303725380378465,
          "g": 0.0004164416048656714,
          "d": 4.4506140887181896e-05,
          "u": 0.0006173405214557052,
          "s": 0.00022975247433089352,
          "c": 0.0011516054242346613
        },
        "phi_odd_signed": {
          "cbar": 0.001157310773059611,
          "sbar": 0.002317767071210174,
          "ubar": 0.002176213377603999,
          "dbar": 0.0032303725380378465,
          "g": 0.0004164416048656714,
          "d": 4.4506140887181896e-05,
          "u": 0.0006173405214557052,
          "s": -0.00022975247433089352,
          "c": 0.0011516054242346613
        },
        "sign_sensitivity_abs": {
          "cbar": 0.001157310773059611,
          "sbar": 0.002317767071210174,
          "ubar": 0.002176213377603999,
          "dbar": 0.0032303725380378465,
          "g": 0.0004164416048656714,
          "d": 4.4506140887181896e-05,
          "u": 0.0006173405214557052,
          "s": 0.00022975247433089352,
          "c": 0.0011516054242346613
        },
        "shapley_values_per_replica": null,
        "phi_even_per_replica": null,
        "phi_odd_per_replica": null,
        "phi_odd_signed_per_replica": null,
        "shapley_values_per_sign_sample": null,
        "shapley_std": null,
        "std_even_rep": null,
        "shapley_err": null,
        "shapley_values_odd": {
          "cbar": 0.001157310773059611,
          "sbar": 0.002317767071210174,
          "ubar": 0.002176213377603999,
          "dbar": 0.0032303725380378465,
          "g": 0.0004164416048656714,
          "d": 4.4506140887181896e-05,
          "u": 0.0006173405214557052,
          "s": 0.00022975247433089352,
          "c": 0.0011516054242346613
        },
        "shapley_odd_std": null,
        "std_odd_rep": null,
        "shapley_odd_err": null,
        "shapley_sign_std": null,
        "shapley_sign_err": null,
        "per_replica": false,
        "random_sign": false,
        "member_mode": "central",
        "n_sign_samples": 1,
        "antithetic_sign": false,
        "deterministic_sign_symmetrized": true,
        "random_seed": null,
        "baseline_chi2": 1.1425467209619293,
        "validation_checks": {
          "completeness_even": {
            "max_abs_diff": 0.0,
            "tol": 1e-10,
            "pass": true
          },
          "completeness_odd": {
            "max_abs_diff": 1.734723475976807e-18,
            "tol": 1e-10,
            "pass": true
          },
          "empty_even_zero": {
            "max_abs_diff": 0.0,
            "tol": 1e-10,
            "pass": true
          },
          "empty_odd_zero": {
            "max_abs_diff": 0.0,
            "tol": 1e-10,
            "pass": true
          },
          "chi2_symmetry_residual": 0.02260576634163214,
          "odd_zero_if_symmetric": {
            "phi_odd_max_abs": 0.0032303725380378465,
            "tol": 1e-10,
            "pass": true
          },
          "even_vs_pm": {
            "max_abs_diff": 5.5077470362263625e-17,
            "tol": 1e-10,
            "pass": true
          },
          "odd_vs_pm": {
            "max_abs_diff": 2.0599841277224584e-18,
            "tol": 1e-10,
            "pass": true
          }
        },
        "coalitions_evaluated": 512,
        "theory_evaluations": 1023,
        "elapsed_seconds": 1929.2,
        "n_jobs": 16,
        "n_datasets_used": 82,
        "stabilization": {
          "enabled": true,
          "action": "exclude_dataset",
          "dataset_delta_chi2_threshold": 100000.0,
          "max_outlier_coalitions": 5,
          "stable_rerun_performed": false,
          "n_excluded_datasets": 0,
          "excluded_datasets": [],
          "report_json": "/home/dakshanshchawda/nnpdf/validphys2/src/validphys/shapley/sv_results/nnpdf40_physical/20260514_093633_physical_xscan_dense_evol/mu_23/stabilization_report_flavor.json"
        }
      }
    }
  },
  "metadata": {
    "runcard": "/home/dakshanshchawda/nnpdf/validphys2/src/validphys/shapley/runcards/nnpdf4.0_physical_dense.yaml",
    "pdf_name": "NNPDF40_nnlo_as_01180",
    "theory_id": 708,
    "n_datasets": 82,
    "n_replicas": 100,
    "perturbation": {
      "mu": 0.00596175586898,
      "sigma": 0.25,
      "amplitude": 1.0,
      "mode": "physical",
      "xspace": "logx",
      "per_replica": false,
      "random_sign": false,
      "member_mode": "central",
      "n_sign_samples": 1,
      "antithetic_sign": false,
      "deterministic_sign_symmetrized": true,
      "random_seed": null
    },
    "enforce_sumrules": false,
    "n_jobs": 16,
    "stabilization": {
      "enabled": true,
      "action": "exclude_dataset",
      "dataset_delta_chi2_threshold": 100000.0,
      "max_outlier_coalitions": 5,
      "rerun_stable": true
    }
  }
}