flavour,shapley_value
cbar,0.00115731
sbar,0.00231777
ubar,0.00217621
dbar,0.00323037
g,0.00041644
d,0.00004451
u,0.00061734
s,0.00022975
c,0.00115161
