flavour,shapley_value
cbar,0.00235110
sbar,0.00325421
ubar,0.00510158
dbar,0.00325360
g,0.00130102
d,0.00431194
u,0.00654733
s,0.00273769
c,0.00220130
