{
  "timestamp": "2026-05-14T10:11:54.989189",
  "results": {
    "results_by_basis": {
      "flavor": {
        "shapley_values": {
          "cbar": 0.0013702358427534016,
          "sbar": 0.00042861718514432625,
          "ubar": 0.0014556496746334564,
          "dbar": 0.00039626814762441987,
          "g": -0.00127804900434012,
          "d": 0.000357825703425889,
          "u": 0.0013452225326502413,
          "s": 0.0003875370632908251,
          "c": 0.001368736858617113
        },
        "phi_even": {
          "cbar": 0.0013702358427534016,
          "sbar": 0.00042861718514432625,
          "ubar": 0.0014556496746334564,
          "dbar": 0.00039626814762441987,
          "g": -0.00127804900434012,
          "d": 0.000357825703425889,
          "u": 0.0013452225326502413,
          "s": 0.0003875370632908251,
          "c": 0.001368736858617113
        },
        "phi_odd": {
          "cbar": 0.001071001676770144,
          "sbar": 0.0003134079262691977,
          "ubar": 0.0011766253963584826,
          "dbar": 0.0002996649587044133,
          "g": 0.0005663811300620657,
          "d": 0.00029020833476538915,
          "u": 0.0010582987990637172,
          "s": 0.00028679100535338587,
          "c": 0.0010761434517024215
        },
        "phi_odd_signed": {
          "cbar": 0.001071001676770144,
          "sbar": 0.0003134079262691977,
          "ubar": 0.0011766253963584826,
          "dbar": 0.0002996649587044133,
          "g": -0.0005663811300620657,
          "d": 0.00029020833476538915,
          "u": 0.0010582987990637172,
          "s": 0.00028679100535338587,
          "c": 0.0010761434517024215
        },
        "sign_sensitivity_abs": {
          "cbar": 0.001071001676770144,
          "sbar": 0.0003134079262691977,
          "ubar": 0.0011766253963584826,
          "dbar": 0.0002996649587044133,
          "g": 0.0005663811300620657,
          "d": 0.00029020833476538915,
          "u": 0.0010582987990637172,
          "s": 0.00028679100535338587,
          "c": 0.0010761434517024215
        },
        "shapley_values_per_replica": null,
        "phi_even_per_replica": null,
        "phi_odd_per_replica": null,
        "phi_odd_signed_per_replica": null,
        "shapley_values_per_sign_sample": null,
        "shapley_std": null,
        "std_even_rep": null,
        "shapley_err": null,
        "shapley_values_odd": {
          "cbar": 0.001071001676770144,
          "sbar": 0.0003134079262691977,
          "ubar": 0.0011766253963584826,
          "dbar": 0.0002996649587044133,
          "g": 0.0005663811300620657,
          "d": 0.00029020833476538915,
          "u": 0.0010582987990637172,
          "s": 0.00028679100535338587,
          "c": 0.0010761434517024215
        },
        "shapley_odd_std": null,
        "std_odd_rep": null,
        "shapley_odd_err": null,
        "shapley_sign_std": null,
        "shapley_sign_err": null,
        "per_replica": false,
        "random_sign": false,
        "member_mode": "central",
        "n_sign_samples": 1,
        "antithetic_sign": false,
        "deterministic_sign_symmetrized": true,
        "random_seed": null,
        "baseline_chi2": 1.1425467209619293,
        "validation_checks": {
          "completeness_even": {
            "max_abs_diff": 0.0,
            "tol": 1e-10,
            "pass": true
          },
          "completeness_odd": {
            "max_abs_diff": 1.734723475976807e-18,
            "tol": 1e-10,
            "pass": true
          },
          "empty_even_zero": {
            "max_abs_diff": 0.0,
            "tol": 1e-10,
            "pass": true
          },
          "empty_odd_zero": {
            "max_abs_diff": 0.0,
            "tol": 1e-10,
            "pass": true
          },
          "chi2_symmetry_residual": 0.011632289344317037,
          "odd_zero_if_symmetric": {
            "phi_odd_max_abs": 0.0011766253963584826,
            "tol": 1e-10,
            "pass": true
          },
          "even_vs_pm": {
            "max_abs_diff": 2.2985086056692694e-17,
            "tol": 1e-10,
            "pass": true
          },
          "odd_vs_pm": {
            "max_abs_diff": 6.505213034913027e-19,
            "tol": 1e-10,
            "pass": true
          }
        },
        "coalitions_evaluated": 512,
        "theory_evaluations": 1023,
        "elapsed_seconds": 2001.8,
        "n_jobs": 16,
        "n_datasets_used": 82,
        "stabilization": {
          "enabled": true,
          "action": "exclude_dataset",
          "dataset_delta_chi2_threshold": 100000.0,
          "max_outlier_coalitions": 5,
          "stable_rerun_performed": false,
          "n_excluded_datasets": 0,
          "excluded_datasets": [],
          "report_json": "/home/dakshanshchawda/nnpdf/validphys2/src/validphys/shapley/sv_results/nnpdf40_physical/20260514_093633_physical_xscan_dense_evol/mu_02/stabilization_report_flavor.json"
        }
      }
    }
  },
  "metadata": {
    "runcard": "/home/dakshanshchawda/nnpdf/validphys2/src/validphys/shapley/runcards/nnpdf4.0_physical_dense.yaml",
    "pdf_name": "NNPDF40_nnlo_as_01180",
    "theory_id": 708,
    "n_datasets": 82,
    "n_replicas": 100,
    "perturbation": {
      "mu": 0.000120420056524,
      "sigma": 0.25,
      "amplitude": 1.0,
      "mode": "physical",
      "xspace": "logx",
      "per_replica": false,
      "random_sign": false,
      "member_mode": "central",
      "n_sign_samples": 1,
      "antithetic_sign": false,
      "deterministic_sign_symmetrized": true,
      "random_seed": null
    },
    "enforce_sumrules": false,
    "n_jobs": 16,
    "stabilization": {
      "enabled": true,
      "action": "exclude_dataset",
      "dataset_delta_chi2_threshold": 100000.0,
      "max_outlier_coalitions": 5,
      "rerun_stable": true
    }
  }
}