flavour,shapley_value
cbar,0.00137024
sbar,0.00042862
ubar,0.00145565
dbar,0.00039627
g,-0.00127805
d,0.00035783
u,0.00134522
s,0.00038754
c,0.00136874
