flavour,shapley_value
cbar,0.00107100
sbar,0.00031341
ubar,0.00117663
dbar,0.00029966
g,0.00056638
d,0.00029021
u,0.00105830
s,0.00028679
c,0.00107614
