{
  "outlier_n_sigma": 3.0,
  "chi2_stats": {
    "n_coalitions": 512,
    "mean": 0.012202070751679358,
    "std": 0.006738404708686389,
    "min": 0.0,
    "max": 0.03716501043698339,
    "median": 0.011317887863101728,
    "p95": 0.024096954411964976,
    "p99": 0.030636354058872176
  },
  "outlier_chi2_threshold": 0.032417284877738525,
  "n_outlier_coalitions": 3,
  "outlier_coalitions": [
    {
      "coalition": [
        0,
        2,
        4,
        5,
        7
      ],
      "coalition_labels": [
        "cbar",
        "ubar",
        "g",
        "d",
        "s"
      ],
      "size": 5,
      "chi2": 0.03716501043698339,
      "z_score": 3.70457708678801
    },
    {
      "coalition": [
        0,
        2,
        4,
        5,
        7,
        8
      ],
      "coalition_labels": [
        "cbar",
        "ubar",
        "g",
        "d",
        "s",
        "c"
      ],
      "size": 6,
      "chi2": 0.03407414196835501,
      "z_score": 3.245882692157188
    },
    {
      "coalition": [
        0,
        1,
        2,
        4,
        5,
        7
      ],
      "coalition_labels": [
        "cbar",
        "sbar",
        "ubar",
        "g",
        "d",
        "s"
      ],
      "size": 6,
      "chi2": 0.03287684715923933,
      "z_score": 3.0682004571361507
    }
  ],
  "per_player_marginals": {
    "cbar": {
      "n_marginals": 256,
      "mean": 0.002633483905436767,
      "std": 0.002616874565338332,
      "min": -0.0035202357982719867,
      "max": 0.008791428071603491,
      "p05": -0.0015768558053683712,
      "p95": 0.00683699547379818,
      "n_outliers_high": 0,
      "n_outliers_low": 0
    },
    "sbar": {
      "n_marginals": 256,
      "mean": 0.0017248138934875647,
      "std": 0.002613793133513743,
      "min": -0.004516620853592057,
      "max": 0.007970725710283233,
      "p05": -0.0026018253870818686,
      "p95": 0.006054813124551139,
      "n_outliers_high": 0,
      "n_outliers_low": 0
    },
    "ubar": {
      "n_marginals": 256,
      "mean": 0.007224922802921598,
      "std": 0.0050759892093680415,
      "min": -0.006010556421305324,
      "max": 0.020464761721028513,
      "p05": -0.0007957686727428359,
      "p95": 0.01523987867700699,
      "n_outliers_high": 0,
      "n_outliers_low": 0
    },
    "dbar": {
      "n_marginals": 256,
      "mean": 0.0016001558381430253,
      "std": 0.004164233396684405,
      "min": -0.008799264618890579,
      "max": 0.012007603334990513,
      "p05": -0.005201432646686821,
      "p95": 0.008396147008769561,
      "n_outliers_high": 0,
      "n_outliers_low": 0
    },
    "g": {
      "n_marginals": 256,
      "mean": 0.0043763546630763645,
      "std": 0.0013025168463823111,
      "min": 0.001716632283661701,
      "max": 0.007041604749325359,
      "p05": 0.002129926189515019,
      "p95": 0.006635643770664723,
      "n_outliers_high": 0,
      "n_outliers_low": 0
    },
    "d": {
      "n_marginals": 256,
      "mean": 0.004843767706784854,
      "std": 0.004645170062288156,
      "min": -0.006726682641883697,
      "max": 0.01641207797474875,
      "p05": -0.002814534190166418,
      "p95": 0.012501629377073498,
      "n_outliers_high": 0,
      "n_outliers_low": 0
    },
    "u": {
      "n_marginals": 256,
      "mean": 0.0028876813898177775,
      "std": 0.0036190479390262077,
      "min": -0.006030208625351863,
      "max": 0.011812887474595968,
      "p05": -0.003348083166172855,
      "p95": 0.009114209886740443,
      "n_outliers_high": 0,
      "n_outliers_low": 0
    },
    "s": {
      "n_marginals": 256,
      "mean": 0.0034629928764679926,
      "std": 0.003046195088497748,
      "min": -0.003586863183800526,
      "max": 0.01051697882036029,
      "p05": -0.0015582385416946232,
      "p95": 0.008485488933387964,
      "n_outliers_high": 0,
      "n_outliers_low": 0
    },
    "c": {
      "n_marginals": 256,
      "mean": 0.0010984057296346784,
      "std": 0.0017795403324180627,
      "min": -0.0031124270141065224,
      "max": 0.005312067603278958,
      "p05": -0.0017144959157812667,
      "p95": 0.0039155224211628314,
      "n_outliers_high": 0,
      "n_outliers_low": 0
    }
  }
}