{
  "timestamp": "2026-05-14T10:09:20.400674",
  "results": {
    "results_by_basis": {
      "flavor": {
        "shapley_values": {
          "cbar": 0.002633672997092479,
          "sbar": 0.0017234942228816809,
          "ubar": 0.007225780688535556,
          "dbar": 0.0015996263129895382,
          "g": 0.004377275947192843,
          "d": 0.004844112754737302,
          "u": 0.0028876870175314606,
          "s": 0.003462099933969882,
          "c": 0.0010984051801409226
        },
        "phi_even": {
          "cbar": 0.002633672997092479,
          "sbar": 0.0017234942228816809,
          "ubar": 0.007225780688535556,
          "dbar": 0.0015996263129895382,
          "g": 0.004377275947192843,
          "d": 0.004844112754737302,
          "u": 0.0028876870175314606,
          "s": 0.003462099933969882,
          "c": 0.0010984051801409226
        },
        "phi_odd": {
          "cbar": 0.00043849232049560473,
          "sbar": 0.00026952286022148824,
          "ubar": 0.0017904751946482094,
          "dbar": 0.0007244283927191726,
          "g": 0.002992989754526938,
          "d": 0.0006785273056770356,
          "u": 0.00014225003453775537,
          "s": 0.0005318133497833591,
          "c": 0.00031550806907676833
        },
        "phi_odd_signed": {
          "cbar": 0.00043849232049560473,
          "sbar": -0.00026952286022148824,
          "ubar": 0.0017904751946482094,
          "dbar": -0.0007244283927191726,
          "g": 0.002992989754526938,
          "d": 0.0006785273056770356,
          "u": -0.00014225003453775537,
          "s": 0.0005318133497833591,
          "c": 0.00031550806907676833
        },
        "sign_sensitivity_abs": {
          "cbar": 0.00043849232049560473,
          "sbar": 0.00026952286022148824,
          "ubar": 0.0017904751946482094,
          "dbar": 0.0007244283927191726,
          "g": 0.002992989754526938,
          "d": 0.0006785273056770356,
          "u": 0.00014225003453775537,
          "s": 0.0005318133497833591,
          "c": 0.00031550806907676833
        },
        "shapley_values_per_replica": null,
        "phi_even_per_replica": null,
        "phi_odd_per_replica": null,
        "phi_odd_signed_per_replica": null,
        "shapley_values_per_sign_sample": null,
        "shapley_std": null,
        "std_even_rep": null,
        "shapley_err": null,
        "shapley_values_odd": {
          "cbar": 0.00043849232049560473,
          "sbar": 0.00026952286022148824,
          "ubar": 0.0017904751946482094,
          "dbar": 0.0007244283927191726,
          "g": 0.002992989754526938,
          "d": 0.0006785273056770356,
          "u": 0.00014225003453775537,
          "s": 0.0005318133497833591,
          "c": 0.00031550806907676833
        },
        "shapley_odd_std": null,
        "std_odd_rep": null,
        "shapley_odd_err": null,
        "shapley_sign_std": null,
        "shapley_sign_err": null,
        "per_replica": false,
        "random_sign": false,
        "member_mode": "central",
        "n_sign_samples": 1,
        "antithetic_sign": false,
        "deterministic_sign_symmetrized": true,
        "random_seed": null,
        "baseline_chi2": 1.1425467209619293,
        "validation_checks": {
          "completeness_even": {
            "max_abs_diff": 6.938893903907228e-18,
            "tol": 1e-10,
            "pass": true
          },
          "completeness_odd": {
            "max_abs_diff": 8.673617379884035e-19,
            "tol": 1e-10,
            "pass": true
          },
          "empty_even_zero": {
            "max_abs_diff": 0.0,
            "tol": 1e-10,
            "pass": true
          },
          "empty_odd_zero": {
            "max_abs_diff": 0.0,
            "tol": 1e-10,
            "pass": true
          },
          "chi2_symmetry_residual": 0.014279834611406805,
          "odd_zero_if_symmetric": {
            "phi_odd_max_abs": 0.002992989754526938,
            "tol": 1e-10,
            "pass": true
          },
          "even_vs_pm": {
            "max_abs_diff": 4.640385298237959e-17,
            "tol": 1e-10,
            "pass": true
          },
          "odd_vs_pm": {
            "max_abs_diff": 2.4936649967166602e-18,
            "tol": 1e-10,
            "pass": true
          }
        },
        "coalitions_evaluated": 512,
        "theory_evaluations": 1023,
        "elapsed_seconds": 1852.2,
        "n_jobs": 16,
        "n_datasets_used": 82,
        "stabilization": {
          "enabled": true,
          "action": "exclude_dataset",
          "dataset_delta_chi2_threshold": 100000.0,
          "max_outlier_coalitions": 5,
          "stable_rerun_performed": false,
          "n_excluded_datasets": 0,
          "excluded_datasets": [],
          "report_json": "/home/dakshanshchawda/nnpdf/validphys2/src/validphys/shapley/sv_results/nnpdf40_physical/20260514_093633_physical_xscan_dense_evol/mu_32/stabilization_report_flavor.json"
        }
      }
    }
  },
  "metadata": {
    "runcard": "/home/dakshanshchawda/nnpdf/validphys2/src/validphys/shapley/runcards/nnpdf4.0_physical_dense.yaml",
    "pdf_name": "NNPDF40_nnlo_as_01180",
    "theory_id": 708,
    "n_datasets": 82,
    "n_replicas": 100,
    "perturbation": {
      "mu": 0.0317441445749,
      "sigma": 0.25,
      "amplitude": 1.0,
      "mode": "physical",
      "xspace": "logx",
      "per_replica": false,
      "random_sign": false,
      "member_mode": "central",
      "n_sign_samples": 1,
      "antithetic_sign": false,
      "deterministic_sign_symmetrized": true,
      "random_seed": null
    },
    "enforce_sumrules": false,
    "n_jobs": 16,
    "stabilization": {
      "enabled": true,
      "action": "exclude_dataset",
      "dataset_delta_chi2_threshold": 100000.0,
      "max_outlier_coalitions": 5,
      "rerun_stable": true
    }
  }
}