flavour,shapley_value
cbar,0.00263367
sbar,0.00172349
ubar,0.00722578
dbar,0.00159963
g,0.00437728
d,0.00484411
u,0.00288769
s,0.00346210
c,0.00109841
