flavour,shapley_value
cbar,0.00043849
sbar,0.00026952
ubar,0.00179048
dbar,0.00072443
g,0.00299299
d,0.00067853
u,0.00014225
s,0.00053181
c,0.00031551
