{
  "outlier_n_sigma": 3.0,
  "chi2_stats": {
    "n_coalitions": 512,
    "mean": 0.005062431676045205,
    "std": 0.002705861138069954,
    "min": 0.0,
    "max": 0.014835823108092505,
    "median": 0.004826704527441272,
    "p95": 0.009900744432909269,
    "p99": 0.011969519144858677
  },
  "outlier_chi2_threshold": 0.013180015090255067,
  "n_outlier_coalitions": 2,
  "outlier_coalitions": [
    {
      "coalition": [
        0,
        1,
        2,
        3,
        4,
        5,
        6,
        7,
        8
      ],
      "coalition_labels": [
        "cbar",
        "sbar",
        "ubar",
        "dbar",
        "g",
        "d",
        "u",
        "s",
        "c"
      ],
      "size": 9,
      "chi2": 0.014835823108092505,
      "z_score": 3.611933847802145
    },
    {
      "coalition": [
        0,
        1,
        2,
        3,
        4,
        6,
        7,
        8
      ],
      "coalition_labels": [
        "cbar",
        "sbar",
        "ubar",
        "dbar",
        "g",
        "u",
        "s",
        "c"
      ],
      "size": 8,
      "chi2": 0.013817973404525175,
      "z_score": 3.2357690515948474
    }
  ],
  "per_player_marginals": {
    "cbar": {
      "n_marginals": 256,
      "mean": 0.0015887816838983798,
      "std": 0.0005906505426132456,
      "min": 0.0002145151483088359,
      "max": 0.0029630582445596687,
      "p05": 0.0005739888084270728,
      "p95": 0.00260354184488365,
      "n_outliers_high": 0,
      "n_outliers_low": 0
    },
    "sbar": {
      "n_marginals": 256,
      "mean": 0.0012918516686447334,
      "std": 0.0004734908555930424,
      "min": 0.00016720059550467958,
      "max": 0.0024165233270718733,
      "p05": 0.0005095103321716143,
      "p95": 0.0020742226773861616,
      "n_outliers_high": 0,
      "n_outliers_low": 0
    },
    "ubar": {
      "n_marginals": 256,
      "mean": 0.002067082610177892,
      "std": 0.000657019248652919,
      "min": 0.0003498322767985229,
      "max": 0.0037843196550984004,
      "p05": 0.0009524377517171612,
      "p95": 0.0031816597368649613,
      "n_outliers_high": 0,
      "n_outliers_low": 0
    },
    "dbar": {
      "n_marginals": 256,
      "mean": 0.0022624064690399057,
      "std": 0.000808545671942486,
      "min": 0.0003620149261100991,
      "max": 0.004162621503401187,
      "p05": 0.0009213427536672314,
      "p95": 0.0036034511264990687,
      "n_outliers_high": 0,
      "n_outliers_low": 0
    },
    "g": {
      "n_marginals": 256,
      "mean": 0.0025404988203174654,
      "std": 0.0005802678738693407,
      "min": 0.0016716555036897507,
      "max": 0.0034091527048354386,
      "p05": 0.0018202757562807426,
      "p95": 0.0032607204509486065,
      "n_outliers_high": 0,
      "n_outliers_low": 0
    },
    "d": {
      "n_marginals": 256,
      "mean": 0.0005794520975757056,
      "std": 0.00035901861586211907,
      "min": -0.0002970398407753372,
      "max": 0.0014559285762105745,
      "p05": -2.3725092068993536e-05,
      "p95": 0.0011826231767322892,
      "n_outliers_high": 0,
      "n_outliers_low": 0
    },
    "u": {
      "n_marginals": 256,
      "mean": 0.00204845694257977,
      "std": 0.0006369597466555713,
      "min": 0.0004082203555240138,
      "max": 0.003688717612906567,
      "p05": 0.0009956367339395422,
      "p95": 0.003101287470036407,
      "n_outliers_high": 0,
      "n_outliers_low": 0
    },
    "s": {
      "n_marginals": 256,
      "mean": 0.0009174891030764663,
      "std": 0.00039955538806756615,
      "min": -9.661364642266079e-05,
      "max": 0.0019315797270960111,
      "p05": 0.00026264419962890306,
      "p95": 0.0015723324729229327,
      "n_outliers_high": 0,
      "n_outliers_low": 0
    },
    "c": {
      "n_marginals": 256,
      "mean": 0.0015397433409374984,
      "std": 0.0005637749613224865,
      "min": 0.0001180974131600454,
      "max": 0.002961405186882038,
      "p05": 0.0006108935100537227,
      "p95": 0.002468600293605072,
      "n_outliers_high": 0,
      "n_outliers_low": 0
    }
  }
}