{
  "timestamp": "2026-05-14T10:03:51.318062",
  "results": {
    "results_by_basis": {
      "flavor": {
        "shapley_values": {
          "cbar": 0.0015887930930437784,
          "sbar": 0.0012918550995069402,
          "ubar": 0.0020670900921020453,
          "dbar": 0.0022624260644531495,
          "g": 0.0025405085936958316,
          "d": 0.0005794531387409421,
          "u": 0.0020484609564357806,
          "s": 0.0009174900761785895,
          "c": 0.0015397459939354497
        },
        "phi_even": {
          "cbar": 0.0015887930930437784,
          "sbar": 0.0012918550995069402,
          "ubar": 0.0020670900921020453,
          "dbar": 0.0022624260644531495,
          "g": 0.0025405085936958316,
          "d": 0.0005794531387409421,
          "u": 0.0020484609564357806,
          "s": 0.0009174900761785895,
          "c": 0.0015397459939354497
        },
        "phi_odd": {
          "cbar": 0.0009132915778408339,
          "sbar": 0.0004193693584469763,
          "ubar": 0.0008623777764311609,
          "dbar": 0.0015214349571147697,
          "g": 0.0009037375217858115,
          "d": 5.9158105219501675e-05,
          "u": 0.0006781156751434588,
          "s": 8.510291545091913e-05,
          "c": 0.0005242310399469753
        },
        "phi_odd_signed": {
          "cbar": 0.0009132915778408339,
          "sbar": -0.0004193693584469763,
          "ubar": 0.0008623777764311609,
          "dbar": -0.0015214349571147697,
          "g": -0.0009037375217858115,
          "d": -5.9158105219501675e-05,
          "u": -0.0006781156751434588,
          "s": -8.510291545091913e-05,
          "c": 0.0005242310399469753
        },
        "sign_sensitivity_abs": {
          "cbar": 0.0009132915778408339,
          "sbar": 0.0004193693584469763,
          "ubar": 0.0008623777764311609,
          "dbar": 0.0015214349571147697,
          "g": 0.0009037375217858115,
          "d": 5.9158105219501675e-05,
          "u": 0.0006781156751434588,
          "s": 8.510291545091913e-05,
          "c": 0.0005242310399469753
        },
        "shapley_values_per_replica": null,
        "phi_even_per_replica": null,
        "phi_odd_per_replica": null,
        "phi_odd_signed_per_replica": null,
        "shapley_values_per_sign_sample": null,
        "shapley_std": null,
        "std_even_rep": null,
        "shapley_err": null,
        "shapley_values_odd": {
          "cbar": 0.0009132915778408339,
          "sbar": 0.0004193693584469763,
          "ubar": 0.0008623777764311609,
          "dbar": 0.0015214349571147697,
          "g": 0.0009037375217858115,
          "d": 5.9158105219501675e-05,
          "u": 0.0006781156751434588,
          "s": 8.510291545091913e-05,
          "c": 0.0005242310399469753
        },
        "shapley_odd_std": null,
        "std_odd_rep": null,
        "shapley_odd_err": null,
        "shapley_sign_std": null,
        "shapley_sign_err": null,
        "per_replica": false,
        "random_sign": false,
        "member_mode": "central",
        "n_sign_samples": 1,
        "antithetic_sign": false,
        "deterministic_sign_symmetrized": true,
        "random_seed": null,
        "baseline_chi2": 1.1425467209619293,
        "validation_checks": {
          "completeness_even": {
            "max_abs_diff": 1.734723475976807e-18,
            "tol": 1e-10,
            "pass": true
          },
          "completeness_odd": {
            "max_abs_diff": 8.673617379884035e-19,
            "tol": 1e-10,
            "pass": true
          },
          "empty_even_zero": {
            "max_abs_diff": 0.0,
            "tol": 1e-10,
            "pass": true
          },
          "empty_odd_zero": {
            "max_abs_diff": 0.0,
            "tol": 1e-10,
            "pass": true
          },
          "chi2_symmetry_residual": 0.008665154996349678,
          "odd_zero_if_symmetric": {
            "phi_odd_max_abs": 0.0015214349571147697,
            "tol": 1e-10,
            "pass": true
          },
          "even_vs_pm": {
            "max_abs_diff": 2.992397996059992e-17,
            "tol": 1e-10,
            "pass": true
          },
          "odd_vs_pm": {
            "max_abs_diff": 8.673617379884035e-19,
            "tol": 1e-10,
            "pass": true
          }
        },
        "coalitions_evaluated": 512,
        "theory_evaluations": 1023,
        "elapsed_seconds": 1549.0,
        "n_jobs": 16,
        "n_datasets_used": 82,
        "stabilization": {
          "enabled": true,
          "action": "exclude_dataset",
          "dataset_delta_chi2_threshold": 100000.0,
          "max_outlier_coalitions": 5,
          "stable_rerun_performed": false,
          "n_excluded_datasets": 0,
          "excluded_datasets": [],
          "report_json": "/home/dakshanshchawda/nnpdf/validphys2/src/validphys/shapley/sv_results/nnpdf40_physical/20260514_093633_physical_xscan_dense_evol/mu_16/stabilization_report_flavor.json"
        }
      }
    }
  },
  "metadata": {
    "runcard": "/home/dakshanshchawda/nnpdf/validphys2/src/validphys/shapley/runcards/nnpdf4.0_physical_dense.yaml",
    "pdf_name": "NNPDF40_nnlo_as_01180",
    "theory_id": 708,
    "n_datasets": 82,
    "n_replicas": 100,
    "perturbation": {
      "mu": 0.00162361255462,
      "sigma": 0.25,
      "amplitude": 1.0,
      "mode": "physical",
      "xspace": "logx",
      "per_replica": false,
      "random_sign": false,
      "member_mode": "central",
      "n_sign_samples": 1,
      "antithetic_sign": false,
      "deterministic_sign_symmetrized": true,
      "random_seed": null
    },
    "enforce_sumrules": false,
    "n_jobs": 16,
    "stabilization": {
      "enabled": true,
      "action": "exclude_dataset",
      "dataset_delta_chi2_threshold": 100000.0,
      "max_outlier_coalitions": 5,
      "rerun_stable": true
    }
  }
}