flavour,shapley_value
cbar,0.00091329
sbar,0.00041937
ubar,0.00086238
dbar,0.00152143
g,0.00090374
d,0.00005916
u,0.00067812
s,0.00008510
c,0.00052423
