flavour,shapley_value
cbar,0.00158879
sbar,0.00129186
ubar,0.00206709
dbar,0.00226243
g,0.00254051
d,0.00057945
u,0.00204846
s,0.00091749
c,0.00153975
