{
  "outlier_n_sigma": 3.0,
  "chi2_stats": {
    "n_coalitions": 512,
    "mean": -0.0005934806908674665,
    "std": 0.00046157303619024504,
    "min": -0.001404442116621496,
    "max": 0.0001361660130034803,
    "median": -0.00045504687271902267,
    "p95": 6.79883115590085e-05,
    "p99": 0.00012645395878555288
  },
  "outlier_chi2_threshold": 0.0007912384177032686,
  "n_outlier_coalitions": 0,
  "outlier_coalitions": [],
  "per_player_marginals": {
    "cbar": {
      "n_marginals": 256,
      "mean": -7.89979259027936e-05,
      "std": 0.00020260528073493784,
      "min": -0.0003407614910015955,
      "max": 0.00018268007556176968,
      "p05": -0.00033398232304726605,
      "p95": 0.0001759255091577927,
      "n_outliers_high": 0,
      "n_outliers_low": 0
    },
    "sbar": {
      "n_marginals": 256,
      "mean": -0.00029326278576748393,
      "std": 0.00044267207105965715,
      "min": -0.0009026362891735307,
      "max": 0.00031603615450870315,
      "p05": -0.0008652903865700168,
      "p95": 0.00027879357962296014,
      "n_outliers_high": 0,
      "n_outliers_low": 0
    },
    "ubar": {
      "n_marginals": 256,
      "mean": -7.648392491669317e-05,
      "std": 0.00010884025360795806,
      "min": -0.00022638821083620364,
      "max": 7.345137480041508e-05,
      "p05": -0.00022196907938515364,
      "p95": 6.903535323693477e-05,
      "n_outliers_high": 0,
      "n_outliers_low": 0
    },
    "dbar": {
      "n_marginals": 256,
      "mean": -2.1112468979404136e-07,
      "std": 1.81769572050255e-06,
      "min": -3.2352371952537595e-06,
      "max": 2.8144621790904267e-06,
      "p05": -2.9870800232201233e-06,
      "p95": 2.5658052673627196e-06,
      "n_outliers_high": 0,
      "n_outliers_low": 0
    },
    "g": {
      "n_marginals": 256,
      "mean": 7.142864970625419e-06,
      "std": 1.787879068231175e-07,
      "min": 6.8283151091197425e-06,
      "max": 7.454833175213338e-06,
      "p05": 6.886457061816564e-06,
      "p95": 7.39780974973181e-06,
      "n_outliers_high": 0,
      "n_outliers_low": 0
    },
    "d": {
      "n_marginals": 256,
      "mean": 1.1930238025060005e-06,
      "std": 3.3854128390616275e-06,
      "min": -3.444252449247287e-06,
      "max": 5.831551174839689e-06,
      "p05": -3.213561761750139e-06,
      "p95": 5.60012116512798e-06,
      "n_outliers_high": 0,
      "n_outliers_low": 0
    },
    "u": {
      "n_marginals": 256,
      "mean": -1.976712597890392e-05,
      "std": 4.66589608743244e-05,
      "min": -9.621973682927276e-05,
      "max": 5.6720311544911084e-05,
      "p05": -9.197756286832837e-05,
      "p95": 5.247557889892507e-05,
      "n_outliers_high": 0,
      "n_outliers_low": 0
    },
    "s": {
      "n_marginals": 256,
      "mean": -0.0007008461978274391,
      "std": 0.00048824918367989373,
      "min": -0.001500062279930825,
      "max": 9.834345973658287e-05,
      "p05": -0.001458355073504003,
      "p95": 5.672830232755777e-05,
      "n_outliers_high": 0,
      "n_outliers_low": 0
    },
    "c": {
      "n_marginals": 256,
      "mean": -0.000115125407838511,
      "std": 9.4934456955544e-05,
      "min": -0.00026257448035904574,
      "max": 3.224267807078185e-05,
      "p05": -0.00025455130448698293,
      "p95": 2.4240887545157186e-05,
      "n_outliers_high": 0,
      "n_outliers_low": 0
    }
  }
}