flavour,shapley_value
cbar,-0.00007899
sbar,-0.00029325
ubar,-0.00007649
dbar,-0.00000021
g,0.00000714
d,0.00000119
u,-0.00001977
s,-0.00070084
c,-0.00011511
