flavour,shapley_value
cbar,0.00008299
sbar,0.00029423
ubar,0.00008186
dbar,0.00000095
g,0.00000687
d,0.00000216
u,0.00002136
s,0.00070389
c,0.00011758
