{
  "timestamp": "2026-05-14T10:11:04.465302",
  "results": {
    "results_by_basis": {
      "flavor": {
        "shapley_values": {
          "cbar": 0.0018651760592209134,
          "sbar": 0.000566708492210938,
          "ubar": 0.0016388534242890856,
          "dbar": 0.0005432005394275545,
          "g": -0.0006600537768095087,
          "d": 0.0004454653088148626,
          "u": 0.001726661382076882,
          "s": 0.0005363064144462468,
          "c": 0.0018716401542943218
        },
        "phi_even": {
          "cbar": 0.0018651760592209134,
          "sbar": 0.000566708492210938,
          "ubar": 0.0016388534242890856,
          "dbar": 0.0005432005394275545,
          "g": -0.0006600537768095087,
          "d": 0.0004454653088148626,
          "u": 0.001726661382076882,
          "s": 0.0005363064144462468,
          "c": 0.0018716401542943218
        },
        "phi_odd": {
          "cbar": 0.0010727870744197082,
          "sbar": 0.00023945448717162157,
          "ubar": 0.000859651669903458,
          "dbar": 0.00022012387080222684,
          "g": 0.0010893081777198408,
          "d": 0.00027765115843175525,
          "u": 0.0009059896716974035,
          "s": 0.00028826839677729624,
          "c": 0.0010914769626488854
        },
        "phi_odd_signed": {
          "cbar": 0.0010727870744197082,
          "sbar": 0.00023945448717162157,
          "ubar": 0.000859651669903458,
          "dbar": 0.00022012387080222684,
          "g": 0.0010893081777198408,
          "d": 0.00027765115843175525,
          "u": 0.0009059896716974035,
          "s": 0.00028826839677729624,
          "c": 0.0010914769626488854
        },
        "sign_sensitivity_abs": {
          "cbar": 0.0010727870744197082,
          "sbar": 0.00023945448717162157,
          "ubar": 0.000859651669903458,
          "dbar": 0.00022012387080222684,
          "g": 0.0010893081777198408,
          "d": 0.00027765115843175525,
          "u": 0.0009059896716974035,
          "s": 0.00028826839677729624,
          "c": 0.0010914769626488854
        },
        "shapley_values_per_replica": null,
        "phi_even_per_replica": null,
        "phi_odd_per_replica": null,
        "phi_odd_signed_per_replica": null,
        "shapley_values_per_sign_sample": null,
        "shapley_std": null,
        "std_even_rep": null,
        "shapley_err": null,
        "shapley_values_odd": {
          "cbar": 0.0010727870744197082,
          "sbar": 0.00023945448717162157,
          "ubar": 0.000859651669903458,
          "dbar": 0.00022012387080222684,
          "g": 0.0010893081777198408,
          "d": 0.00027765115843175525,
          "u": 0.0009059896716974035,
          "s": 0.00028826839677729624,
          "c": 0.0010914769626488854
        },
        "shapley_odd_std": null,
        "std_odd_rep": null,
        "shapley_odd_err": null,
        "shapley_sign_std": null,
        "shapley_sign_err": null,
        "per_replica": false,
        "random_sign": false,
        "member_mode": "central",
        "n_sign_samples": 1,
        "antithetic_sign": false,
        "deterministic_sign_symmetrized": true,
        "random_seed": null,
        "baseline_chi2": 1.1425467209619293,
        "validation_checks": {
          "completeness_even": {
            "max_abs_diff": 1.734723475976807e-18,
            "tol": 1e-10,
            "pass": true
          },
          "completeness_odd": {
            "max_abs_diff": 8.673617379884035e-19,
            "tol": 1e-10,
            "pass": true
          },
          "empty_even_zero": {
            "max_abs_diff": 0.0,
            "tol": 1e-10,
            "pass": true
          },
          "empty_odd_zero": {
            "max_abs_diff": 0.0,
            "tol": 1e-10,
            "pass": true
          },
          "chi2_symmetry_residual": 0.01208942293914439,
          "odd_zero_if_symmetric": {
            "phi_odd_max_abs": 0.0010914769626488854,
            "tol": 1e-10,
            "pass": true
          },
          "even_vs_pm": {
            "max_abs_diff": 3.0249240612345574e-17,
            "tol": 1e-10,
            "pass": true
          },
          "odd_vs_pm": {
            "max_abs_diff": 1.0842021724855044e-18,
            "tol": 1e-10,
            "pass": true
          }
        },
        "coalitions_evaluated": 512,
        "theory_evaluations": 1023,
        "elapsed_seconds": 1953.0,
        "n_jobs": 16,
        "n_datasets_used": 82,
        "stabilization": {
          "enabled": true,
          "action": "exclude_dataset",
          "dataset_delta_chi2_threshold": 100000.0,
          "max_outlier_coalitions": 5,
          "stable_rerun_performed": false,
          "n_excluded_datasets": 0,
          "excluded_datasets": [],
          "report_json": "/home/dakshanshchawda/nnpdf/validphys2/src/validphys/shapley/sv_results/nnpdf40_physical/20260514_093633_physical_xscan_dense_evol/mu_06/stabilization_report_flavor.json"
        }
      }
    }
  },
  "metadata": {
    "runcard": "/home/dakshanshchawda/nnpdf/validphys2/src/validphys/shapley/runcards/nnpdf4.0_physical_dense.yaml",
    "pdf_name": "NNPDF40_nnlo_as_01180",
    "theory_id": 708,
    "n_datasets": 82,
    "n_replicas": 100,
    "perturbation": {
      "mu": 0.000253217743078,
      "sigma": 0.25,
      "amplitude": 1.0,
      "mode": "physical",
      "xspace": "logx",
      "per_replica": false,
      "random_sign": false,
      "member_mode": "central",
      "n_sign_samples": 1,
      "antithetic_sign": false,
      "deterministic_sign_symmetrized": true,
      "random_seed": null
    },
    "enforce_sumrules": false,
    "n_jobs": 16,
    "stabilization": {
      "enabled": true,
      "action": "exclude_dataset",
      "dataset_delta_chi2_threshold": 100000.0,
      "max_outlier_coalitions": 5,
      "rerun_stable": true
    }
  }
}