flavour,shapley_value
cbar,0.00186518
sbar,0.00056671
ubar,0.00163885
dbar,0.00054320
g,-0.00066005
d,0.00044547
u,0.00172666
s,0.00053631
c,0.00187164
