flavour,shapley_value
cbar,0.00107279
sbar,0.00023945
ubar,0.00085965
dbar,0.00022012
g,0.00108931
d,0.00027765
u,0.00090599
s,0.00028827
c,0.00109148
