{
  "outlier_n_sigma": 3.0,
  "chi2_stats": {
    "n_coalitions": 512,
    "mean": -0.00033486556494844713,
    "std": 0.00028284800901543156,
    "min": -0.0007473412216645325,
    "max": 0.0,
    "median": -0.0002959703886991072,
    "p95": -4.1195173657859744e-07,
    "p99": -1.247102750356888e-07
  },
  "outlier_chi2_threshold": 0.0005136784620978476,
  "n_outlier_coalitions": 0,
  "outlier_coalitions": [],
  "per_player_marginals": {
    "cbar": {
      "n_marginals": 256,
      "mean": -8.403623365420623e-07,
      "std": 2.3715726739577882e-07,
      "min": -1.1195295930299665e-06,
      "max": -5.61119028574808e-07,
      "p05": -1.1195002704855739e-06,
      "p95": -5.611483503420445e-07,
      "n_outliers_high": 0,
      "n_outliers_low": 0
    },
    "sbar": {
      "n_marginals": 256,
      "mean": -0.00023865197660630482,
      "std": 7.804436451167796e-05,
      "min": -0.000316924973360333,
      "max": -0.00016037910514166143,
      "p05": -0.00031688467564439105,
      "p95": -0.00016041910898739742,
      "n_outliers_high": 0,
      "n_outliers_low": 0
    },
    "ubar": {
      "n_marginals": 256,
      "mean": -5.368851649289672e-07,
      "std": 1.2443852773605794e-07,
      "min": -6.780465278133363e-07,
      "max": -3.9557517172994494e-07,
      "p05": -6.780336944123277e-07,
      "p95": -3.9558800701833263e-07,
      "n_outliers_high": 0,
      "n_outliers_low": 0
    },
    "dbar": {
      "n_marginals": 256,
      "mean": -1.207125929596209e-09,
      "std": 2.2378348136284394e-09,
      "min": -4.134333542182844e-09,
      "max": 1.7213697134366157e-09,
      "p05": -4.133250186555415e-09,
      "p95": 1.720286024742279e-09,
      "n_outliers_high": 0,
      "n_outliers_low": 0
    },
    "g": {
      "n_marginals": 256,
      "mean": -1.9875794484130321e-07,
      "std": 2.5702889597912995e-10,
      "min": -1.990643243576784e-07,
      "max": -1.9845208254487545e-07,
      "p05": -1.9906393289303992e-07,
      "p95": -1.9845247273275746e-07,
      "n_outliers_high": 0,
      "n_outliers_low": 0
    },
    "d": {
      "n_marginals": 256,
      "mean": -2.8625066006773836e-09,
      "std": 2.776980147161742e-09,
      "min": -6.320435286255588e-09,
      "max": 5.965379301642315e-10,
      "p05": -6.3188058119223456e-09,
      "p95": 5.949095660540138e-10,
      "n_outliers_high": 0,
      "n_outliers_low": 0
    },
    "u": {
      "n_marginals": 256,
      "mean": -7.715452752816293e-08,
      "std": 4.9419191822466496e-08,
      "min": -1.3083586836160066e-07,
      "max": -2.343427363271644e-08,
      "p05": -1.308243686715116e-07,
      "p95": -2.3445771490937517e-08,
      "n_outliers_high": 0,
      "n_outliers_low": 0
    },
    "s": {
      "n_marginals": 256,
      "mean": -0.0005069173240634236,
      "std": 7.804469828173487e-05,
      "min": -0.00058534272607913,
      "max": -0.00042849179666593074,
      "p05": -0.000585328191347767,
      "p95": -0.000428506255060912,
      "n_outliers_high": 0,
      "n_outliers_low": 0
    },
    "c": {
      "n_marginals": 256,
      "mean": -1.1452866715676996e-07,
      "std": 1.1341054813115862e-07,
      "min": -2.4402321407990257e-07,
      "max": 1.502560342814263e-08,
      "p05": -2.4399727960311424e-07,
      "p95": 1.4999691044792485e-08,
      "n_outliers_high": 0,
      "n_outliers_low": 0
    }
  }
}