flavour,shapley_value
cbar,-0.00000084
sbar,-0.00023865
ubar,-0.00000054
dbar,-0.00000000
g,-0.00000020
d,-0.00000000
u,-0.00000008
s,-0.00050692
c,-0.00000011
