{
  "outlier_n_sigma": 3.0,
  "chi2_stats": {
    "n_coalitions": 512,
    "mean": 0.004212308627776607,
    "std": 0.002361688636181604,
    "min": 0.0,
    "max": 0.012784835856525012,
    "median": 0.0038725615876507025,
    "p95": 0.00855382024380178,
    "p99": 0.010821185522079425
  },
  "outlier_chi2_threshold": 0.01129737453632142,
  "n_outlier_coalitions": 4,
  "outlier_coalitions": [
    {
      "coalition": [
        0,
        1,
        2,
        3,
        4,
        5,
        6,
        7,
        8
      ],
      "coalition_labels": [
        "cbar",
        "sbar",
        "ubar",
        "dbar",
        "g",
        "d",
        "u",
        "s",
        "c"
      ],
      "size": 9,
      "chi2": 0.012784835856525012,
      "z_score": 3.6298295623797943
    },
    {
      "coalition": [
        0,
        1,
        2,
        3,
        4,
        6,
        7,
        8
      ],
      "coalition_labels": [
        "cbar",
        "sbar",
        "ubar",
        "dbar",
        "g",
        "u",
        "s",
        "c"
      ],
      "size": 8,
      "chi2": 0.011767017324387341,
      "z_score": 3.1988588931118556
    },
    {
      "coalition": [
        0,
        1,
        2,
        3,
        5,
        6,
        7,
        8
      ],
      "coalition_labels": [
        "cbar",
        "sbar",
        "ubar",
        "dbar",
        "d",
        "u",
        "s",
        "c"
      ],
      "size": 8,
      "chi2": 0.011480340946151912,
      "z_score": 3.077472706193105
    },
    {
      "coalition": [
        0,
        1,
        2,
        3,
        4,
        5,
        6,
        8
      ],
      "coalition_labels": [
        "cbar",
        "sbar",
        "ubar",
        "dbar",
        "g",
        "d",
        "u",
        "c"
      ],
      "size": 8,
      "chi2": 0.01135198482294908,
      "z_score": 3.023123406612971
    }
  ],
  "per_player_marginals": {
    "cbar": {
      "n_marginals": 256,
      "mean": 0.0020464965477062953,
      "std": 0.0006982456497456452,
      "min": 0.000436951947397235,
      "max": 0.003656041265247989,
      "p05": 0.0008739427814257739,
      "p95": 0.003219050155093328,
      "n_outliers_high": 0,
      "n_outliers_low": 0
    },
    "sbar": {
      "n_marginals": 256,
      "mean": 0.0008533018438659536,
      "std": 0.0003229701590142649,
      "min": 3.691743310585416e-05,
      "max": 0.0016696845060348853,
      "p05": 0.000334498412233708,
      "p95": 0.0013721045455729608,
      "n_outliers_high": 0,
      "n_outliers_low": 0
    },
    "ubar": {
      "n_marginals": 256,
      "mean": 0.0019626981416238053,
      "std": 0.0006838072259925572,
      "min": 0.0003177750414311564,
      "max": 0.003607621636762426,
      "p05": 0.0008281010313910819,
      "p95": 0.0030972948465265993,
      "n_outliers_high": 0,
      "n_outliers_low": 0
    },
    "dbar": {
      "n_marginals": 256,
      "mean": 0.0012182720846191895,
      "std": 0.00030784735611020744,
      "min": 0.000519903635446628,
      "max": 0.001916642144773606,
      "p05": 0.0007275849663351264,
      "p95": 0.0017089616927745688,
      "n_outliers_high": 0,
      "n_outliers_low": 0
    },
    "g": {
      "n_marginals": 256,
      "mean": 0.0014166379118634755,
      "std": 0.0002562656065722652,
      "min": 0.0008857049511987736,
      "max": 0.0019475712540661938,
      "p05": 0.0010191942714308788,
      "p95": 0.0018140824425116886,
      "n_outliers_high": 0,
      "n_outliers_low": 0
    },
    "d": {
      "n_marginals": 256,
      "mean": 0.0005295775018729423,
      "std": 0.00023785612844914435,
      "min": -5.7909591559601736e-05,
      "max": 0.0011170641393312142,
      "p05": 0.0001422926937111324,
      "p95": 0.0009168617640043508,
      "n_outliers_high": 0,
      "n_outliers_low": 0
    },
    "u": {
      "n_marginals": 256,
      "mean": 0.0019195050625334005,
      "std": 0.0006793851353153238,
      "min": 0.00020341391264433462,
      "max": 0.003635595643378453,
      "p05": 0.0007881207328544471,
      "p95": 0.0030508895684878135,
      "n_outliers_high": 0,
      "n_outliers_low": 0
    },
    "s": {
      "n_marginals": 256,
      "mean": 0.0007492390042407576,
      "std": 0.000315908051729401,
      "min": -4.0469408896237624e-05,
      "max": 0.0015389477115734795,
      "p05": 0.00023638377607326788,
      "p95": 0.0012620939252097618,
      "n_outliers_high": 0,
      "n_outliers_low": 0
    },
    "c": {
      "n_marginals": 256,
      "mean": 0.002089108016989836,
      "std": 0.0006945345335389377,
      "min": 0.00047458849919146395,
      "max": 0.003703627785818231,
      "p05": 0.0009557913742078705,
      "p95": 0.0032224246346639895,
      "n_outliers_high": 0,
      "n_outliers_low": 0
    }
  }
}