{
  "timestamp": "2026-05-14T10:04:50.189880",
  "results": {
    "results_by_basis": {
      "flavor": {
        "shapley_values": {
          "cbar": 0.0020464964911652396,
          "sbar": 0.0008533020506179283,
          "ubar": 0.0019626979843491007,
          "dbar": 0.0012182719995181253,
          "g": 0.0014166379216138932,
          "d": 0.0005295773150844569,
          "u": 0.0019195051503015344,
          "s": 0.0007492388850466097,
          "c": 0.002089108058828122
        },
        "phi_even": {
          "cbar": 0.0020464964911652396,
          "sbar": 0.0008533020506179283,
          "ubar": 0.0019626979843491007,
          "dbar": 0.0012182719995181253,
          "g": 0.0014166379216138932,
          "d": 0.0005295773150844569,
          "u": 0.0019195051503015344,
          "s": 0.0007492388850466097,
          "c": 0.002089108058828122
        },
        "phi_odd": {
          "cbar": 0.0010937256091626373,
          "sbar": 6.703518424324566e-05,
          "ubar": 0.0004151593608358136,
          "dbar": 0.0005616854205287321,
          "g": 0.0019807757233722004,
          "d": 0.00019125792703927948,
          "u": 3.815755000216967e-05,
          "s": 0.00011964663274685732,
          "c": 0.001042776041967942
        },
        "phi_odd_signed": {
          "cbar": 0.0010937256091626373,
          "sbar": -6.703518424324566e-05,
          "ubar": 0.0004151593608358136,
          "dbar": -0.0005616854205287321,
          "g": 0.0019807757233722004,
          "d": 0.00019125792703927948,
          "u": -3.815755000216967e-05,
          "s": 0.00011964663274685732,
          "c": 0.001042776041967942
        },
        "sign_sensitivity_abs": {
          "cbar": 0.0010937256091626373,
          "sbar": 6.703518424324566e-05,
          "ubar": 0.0004151593608358136,
          "dbar": 0.0005616854205287321,
          "g": 0.0019807757233722004,
          "d": 0.00019125792703927948,
          "u": 3.815755000216967e-05,
          "s": 0.00011964663274685732,
          "c": 0.001042776041967942
        },
        "shapley_values_per_replica": null,
        "phi_even_per_replica": null,
        "phi_odd_per_replica": null,
        "phi_odd_signed_per_replica": null,
        "shapley_values_per_sign_sample": null,
        "shapley_std": null,
        "std_even_rep": null,
        "shapley_err": null,
        "shapley_values_odd": {
          "cbar": 0.0010937256091626373,
          "sbar": 6.703518424324566e-05,
          "ubar": 0.0004151593608358136,
          "dbar": 0.0005616854205287321,
          "g": 0.0019807757233722004,
          "d": 0.00019125792703927948,
          "u": 3.815755000216967e-05,
          "s": 0.00011964663274685732,
          "c": 0.001042776041967942
        },
        "shapley_odd_std": null,
        "std_odd_rep": null,
        "shapley_odd_err": null,
        "shapley_sign_std": null,
        "shapley_sign_err": null,
        "per_replica": false,
        "random_sign": false,
        "member_mode": "central",
        "n_sign_samples": 1,
        "antithetic_sign": false,
        "deterministic_sign_symmetrized": true,
        "random_seed": null,
        "baseline_chi2": 1.1425467209619293,
        "validation_checks": {
          "completeness_even": {
            "max_abs_diff": 0.0,
            "tol": 1e-10,
            "pass": true
          },
          "completeness_odd": {
            "max_abs_diff": 1.734723475976807e-18,
            "tol": 1e-10,
            "pass": true
          },
          "empty_even_zero": {
            "max_abs_diff": 0.0,
            "tol": 1e-10,
            "pass": true
          },
          "empty_odd_zero": {
            "max_abs_diff": 0.0,
            "tol": 1e-10,
            "pass": true
          },
          "chi2_symmetry_residual": 0.009468533048329952,
          "odd_zero_if_symmetric": {
            "phi_odd_max_abs": 0.0019807757233722004,
            "tol": 1e-10,
            "pass": true
          },
          "even_vs_pm": {
            "max_abs_diff": 3.0140820395097023e-17,
            "tol": 1e-10,
            "pass": true
          },
          "odd_vs_pm": {
            "max_abs_diff": 1.734723475976807e-18,
            "tol": 1e-10,
            "pass": true
          }
        },
        "coalitions_evaluated": 512,
        "theory_evaluations": 1023,
        "elapsed_seconds": 1608.9,
        "n_jobs": 16,
        "n_datasets_used": 82,
        "stabilization": {
          "enabled": true,
          "action": "exclude_dataset",
          "dataset_delta_chi2_threshold": 100000.0,
          "max_outlier_coalitions": 5,
          "stable_rerun_performed": false,
          "n_excluded_datasets": 0,
          "excluded_datasets": [],
          "report_json": "/home/dakshanshchawda/nnpdf/validphys2/src/validphys/shapley/sv_results/nnpdf40_physical/20260514_093633_physical_xscan_dense_evol/mu_10/stabilization_report_flavor.json"
        }
      }
    }
  },
  "metadata": {
    "runcard": "/home/dakshanshchawda/nnpdf/validphys2/src/validphys/shapley/runcards/nnpdf4.0_physical_dense.yaml",
    "pdf_name": "NNPDF40_nnlo_as_01180",
    "theory_id": 708,
    "n_datasets": 82,
    "n_replicas": 100,
    "perturbation": {
      "mu": 0.000532463007083,
      "sigma": 0.25,
      "amplitude": 1.0,
      "mode": "physical",
      "xspace": "logx",
      "per_replica": false,
      "random_sign": false,
      "member_mode": "central",
      "n_sign_samples": 1,
      "antithetic_sign": false,
      "deterministic_sign_symmetrized": true,
      "random_seed": null
    },
    "enforce_sumrules": false,
    "n_jobs": 16,
    "stabilization": {
      "enabled": true,
      "action": "exclude_dataset",
      "dataset_delta_chi2_threshold": 100000.0,
      "max_outlier_coalitions": 5,
      "rerun_stable": true
    }
  }
}