flavour,shapley_value
cbar,0.00204650
sbar,0.00085330
ubar,0.00196270
dbar,0.00121827
g,0.00141664
d,0.00052958
u,0.00191951
s,0.00074924
c,0.00208911
