flavour,shapley_value
cbar,0.00109373
sbar,0.00006704
ubar,0.00041516
dbar,0.00056169
g,0.00198078
d,0.00019126
u,0.00003816
s,0.00011965
c,0.00104278
