{
  "outlier_n_sigma": 3.0,
  "chi2_stats": {
    "n_coalitions": 512,
    "mean": -0.00024819837419411735,
    "std": 0.00018591466788594874,
    "min": -0.0005118132857500068,
    "max": 0.0,
    "median": -0.000240352896559215,
    "p95": -3.411218093996027e-07,
    "p99": -4.9982925514058265e-08
  },
  "outlier_chi2_threshold": 0.0003095456294637289,
  "n_outlier_coalitions": 0,
  "outlier_coalitions": [],
  "per_player_marginals": {
    "cbar": {
      "n_marginals": 256,
      "mean": -3.7074735072771536e-07,
      "std": 6.621713425758144e-08,
      "min": -4.4440448965232804e-07,
      "max": -2.9707981963333907e-07,
      "p05": -4.443960619493481e-07,
      "p95": -2.9708823839902365e-07,
      "n_outliers_high": 0,
      "n_outliers_low": 0
    },
    "sbar": {
      "n_marginals": 256,
      "mean": -0.0003168774056199735,
      "std": 1.5559040745391966e-05,
      "min": -0.00033247095276900396,
      "max": -0.0003012838698213116,
      "p05": -0.00033246393145586195,
      "p95": -0.0003012908614539178,
      "n_outliers_high": 0,
      "n_outliers_low": 0
    },
    "ubar": {
      "n_marginals": 256,
      "mean": -2.5741735904492857e-07,
      "std": 3.649226409414701e-08,
      "min": -2.968067092101734e-07,
      "max": -2.1801313598857064e-07,
      "p05": -2.968010676673849e-07,
      "p95": -2.1801877270188896e-07,
      "n_outliers_high": 0,
      "n_outliers_low": 0
    },
    "dbar": {
      "n_marginals": 256,
      "mean": -1.79510510796288e-09,
      "std": 4.611701894330064e-10,
      "min": -2.3827297912504264e-09,
      "max": -1.2073742006180055e-09,
      "p05": -2.3824962003260453e-09,
      "p95": -1.2076072919420255e-09,
      "n_outliers_high": 0,
      "n_outliers_low": 0
    },
    "g": {
      "n_marginals": 256,
      "mean": -3.2015986701008914e-07,
      "std": 1.1693696433624498e-10,
      "min": -3.203187672884411e-07,
      "max": -3.2000109984053893e-07,
      "p05": -3.2031869667825674e-07,
      "p95": -3.2000116845232185e-07,
      "n_outliers_high": 0,
      "n_outliers_low": 0
    },
    "d": {
      "n_marginals": 256,
      "mean": -2.4893650873297757e-09,
      "std": 4.1238891033750056e-10,
      "min": -2.986326075316015e-09,
      "max": -1.9923191985071753e-09,
      "p05": -2.9860774963808012e-09,
      "p95": -1.9925691652211697e-09,
      "n_outliers_high": 0,
      "n_outliers_low": 0
    },
    "u": {
      "n_marginals": 256,
      "mean": -2.5170012556835486e-08,
      "std": 1.7268218899067455e-08,
      "min": -4.782545337533861e-08,
      "max": -2.5196111863579063e-09,
      "p05": -4.7820105097962085e-08,
      "p95": -2.524950359905631e-09,
      "n_outliers_high": 0,
      "n_outliers_low": 0
    },
    "s": {
      "n_marginals": 256,
      "mean": -0.00019391587552484296,
      "std": 1.555923960656446e-05,
      "min": -0.00020961942128727706,
      "max": -0.00017821229088443857,
      "p05": -0.00020958673158644192,
      "p95": -0.00017824499055985044,
      "n_outliers_high": 0,
      "n_outliers_low": 0
    },
    "c": {
      "n_marginals": 256,
      "mean": -2.8042666152736095e-08,
      "std": 3.059630851135403e-08,
      "min": -7.025757797762822e-08,
      "max": 1.4163448414095114e-08,
      "p05": -7.024907688890636e-08,
      "p95": 1.4154964200763231e-08,
      "n_outliers_high": 0,
      "n_outliers_low": 0
    }
  }
}