{
  "timestamp": "2026-05-14T10:13:27.509200",
  "results": {
    "results_by_basis": {
      "flavor": {
        "shapley_values": {
          "cbar": -3.70749090584161e-07,
          "sbar": -0.0003168774121441031,
          "ubar": -2.574198431268226e-07,
          "dbar": -1.7951227711541153e-09,
          "g": -3.2015984497697515e-07,
          "d": -2.48937914999505e-09,
          "u": -2.5170852336657447e-08,
          "s": -0.00019391588205351477,
          "c": -2.8044132455515263e-08
        },
        "phi_even": {
          "cbar": -3.70749090584161e-07,
          "sbar": -0.0003168774121441031,
          "ubar": -2.574198431268226e-07,
          "dbar": -1.7951227711541153e-09,
          "g": -3.2015984497697515e-07,
          "d": -2.48937914999505e-09,
          "u": -2.5170852336657447e-08,
          "s": -0.00019391588205351477,
          "c": -2.8044132455515263e-08
        },
        "phi_odd": {
          "cbar": 3.7642157752482117e-07,
          "sbar": 0.00031687811568567977,
          "ubar": 2.654377709957309e-07,
          "dbar": 2.4922380164895567e-09,
          "g": 3.2524640681330125e-07,
          "d": 4.9318928624893185e-09,
          "u": 2.6489480519008087e-08,
          "s": 0.00019391801597228427,
          "c": 2.8974175603874446e-08
        },
        "phi_odd_signed": {
          "cbar": 3.7642157752482117e-07,
          "sbar": 0.00031687811568567977,
          "ubar": 2.654377709957309e-07,
          "dbar": 2.4922380164895567e-09,
          "g": -3.2524640681330125e-07,
          "d": 4.9318928624893185e-09,
          "u": 2.6489480519008087e-08,
          "s": 0.00019391801597228427,
          "c": 2.8974175603874446e-08
        },
        "sign_sensitivity_abs": {
          "cbar": 3.7642157752482117e-07,
          "sbar": 0.00031687811568567977,
          "ubar": 2.654377709957309e-07,
          "dbar": 2.4922380164895567e-09,
          "g": 3.2524640681330125e-07,
          "d": 4.9318928624893185e-09,
          "u": 2.6489480519008087e-08,
          "s": 0.00019391801597228427,
          "c": 2.8974175603874446e-08
        },
        "shapley_values_per_replica": null,
        "phi_even_per_replica": null,
        "phi_odd_per_replica": null,
        "phi_odd_signed_per_replica": null,
        "shapley_values_per_sign_sample": null,
        "shapley_std": null,
        "std_even_rep": null,
        "shapley_err": null,
        "shapley_values_odd": {
          "cbar": 3.7642157752482117e-07,
          "sbar": 0.00031687811568567977,
          "ubar": 2.654377709957309e-07,
          "dbar": 2.4922380164895567e-09,
          "g": 3.2524640681330125e-07,
          "d": 4.9318928624893185e-09,
          "u": 2.6489480519008087e-08,
          "s": 0.00019391801597228427,
          "c": 2.8974175603874446e-08
        },
        "shapley_odd_std": null,
        "std_odd_rep": null,
        "shapley_odd_err": null,
        "shapley_sign_std": null,
        "shapley_sign_err": null,
        "per_replica": false,
        "random_sign": false,
        "member_mode": "central",
        "n_sign_samples": 1,
        "antithetic_sign": false,
        "deterministic_sign_symmetrized": true,
        "random_seed": null,
        "baseline_chi2": 1.1425467209619293,
        "validation_checks": {
          "completeness_even": {
            "max_abs_diff": 0.0,
            "tol": 1e-10,
            "pass": true
          },
          "completeness_odd": {
            "max_abs_diff": 2.168404344971009e-19,
            "tol": 1e-10,
            "pass": true
          },
          "empty_even_zero": {
            "max_abs_diff": 0.0,
            "tol": 1e-10,
            "pass": true
          },
          "empty_odd_zero": {
            "max_abs_diff": 0.0,
            "tol": 1e-10,
            "pass": true
          },
          "chi2_symmetry_residual": 0.0010230281306056188,
          "odd_zero_if_symmetric": {
            "phi_odd_max_abs": 0.00031687811568567977,
            "tol": 1e-10,
            "pass": true
          },
          "even_vs_pm": {
            "max_abs_diff": 3.828505872655937e-17,
            "tol": 1e-10,
            "pass": true
          },
          "odd_vs_pm": {
            "max_abs_diff": 1.6263032587282567e-19,
            "tol": 1e-10,
            "pass": true
          }
        },
        "coalitions_evaluated": 512,
        "theory_evaluations": 1023,
        "elapsed_seconds": 2101.1,
        "n_jobs": 16,
        "n_datasets_used": 82,
        "stabilization": {
          "enabled": true,
          "action": "exclude_dataset",
          "dataset_delta_chi2_threshold": 100000.0,
          "max_outlier_coalitions": 5,
          "stable_rerun_performed": false,
          "n_excluded_datasets": 0,
          "excluded_datasets": [],
          "report_json": "/home/dakshanshchawda/nnpdf/validphys2/src/validphys/shapley/sv_results/nnpdf40_physical/20260514_093633_physical_xscan_dense_evol/mu_42/stabilization_report_flavor.json"
        }
      }
    }
  },
  "metadata": {
    "runcard": "/home/dakshanshchawda/nnpdf/validphys2/src/validphys/shapley/runcards/nnpdf4.0_physical_dense.yaml",
    "pdf_name": "NNPDF40_nnlo_as_01180",
    "theory_id": 708,
    "n_datasets": 82,
    "n_replicas": 100,
    "perturbation": {
      "mu": 0.203540996143,
      "sigma": 0.25,
      "amplitude": 1.0,
      "mode": "physical",
      "xspace": "logx",
      "per_replica": false,
      "random_sign": false,
      "member_mode": "central",
      "n_sign_samples": 1,
      "antithetic_sign": false,
      "deterministic_sign_symmetrized": true,
      "random_seed": null
    },
    "enforce_sumrules": false,
    "n_jobs": 16,
    "stabilization": {
      "enabled": true,
      "action": "exclude_dataset",
      "dataset_delta_chi2_threshold": 100000.0,
      "max_outlier_coalitions": 5,
      "rerun_stable": true
    }
  }
}