flavour,shapley_value
cbar,-0.00000037
sbar,-0.00031688
ubar,-0.00000026
dbar,-0.00000000
g,-0.00000032
d,-0.00000000
u,-0.00000003
s,-0.00019392
c,-0.00000003
