flavour,shapley_value
cbar,0.00000038
sbar,0.00031688
ubar,0.00000027
dbar,0.00000000
g,0.00000033
d,0.00000000
u,0.00000003
s,0.00019392
c,0.00000003
