{
  "preprocessing": [
    {
      "fl": "sng",
      "smallx": 1.1170960664749146,
      "largex": 2.212820053100586,
      "trainable": false
    },
    {
      "fl": "g",
      "smallx": 1.1055147647857666,
      "largex": 3.78946852684021,
      "trainable": false
    },
    {
      "fl": "t3",
      "smallx": -0.2786402702331543,
      "largex": 3.328169822692871,
      "trainable": false
    },
    {
      "fl": "t8",
      "smallx": 0.7509292364120483,
      "largex": 3.1066815853118896,
      "trainable": false
    }
  ],
  "stop_epoch": 733,
  "best_epoch": 621,
  "erf_tr": 1.3447773456573486,
  "erf_vl": 3.190526247024536,
  "chi2": 1.5239346027374268,
  "pos_state": "POS_PASS",
  "arc_lengths": [
    1.0368709292531186,
    0.9983903804230685,
    0.9899487587939698,
    0.9899487587939698,
    0.9899487587939698
  ],
  "integrability": [
    8.952326622860918e-17,
    4.905432780116792e-08,
    2.0122792321330962e-16,
    0.011849083006381947,
    1.3877787807814457e-17
  ]
}
