{
  "preprocessing": [
    {
      "fl": "sng",
      "smallx": 1.1170960664749146,
      "largex": 2.212820053100586,
      "trainable": false
    },
    {
      "fl": "g",
      "smallx": 1.1055147647857666,
      "largex": 3.78946852684021,
      "trainable": false
    },
    {
      "fl": "t3",
      "smallx": -0.2786402702331543,
      "largex": 3.328169822692871,
      "trainable": false
    },
    {
      "fl": "t8",
      "smallx": 0.7509292364120483,
      "largex": 3.1066815853118896,
      "trainable": false
    }
  ],
  "stop_epoch": 435,
  "best_epoch": 323,
  "erf_tr": 1.2238341569900513,
  "erf_vl": 3.0599794387817383,
  "chi2": 1.109000325202942,
  "pos_state": "POS_PASS",
  "arc_lengths": [
    1.0326780832672715,
    1.014154549694492,
    0.9899487587939698,
    0.9899487587939698,
    0.9899487587939698
  ],
  "integrability": [
    1.0061396160665481e-16,
    1.734723475976807e-17,
    3.122502256758253e-17,
    0.008682500803843137,
    7.979727989493313e-17
  ],
  "timing": {
    "walltime": {
      "Total": 18.630010843276978,
      "start": 0.0,
      "replica_set": 0.249741792678833,
      "replica_fitted": 18.62974452972412,
      "replica_set_to_replica_fitted": 18.380002737045288
    },
    "cputime": {
      "Total": 19.099821179000003,
      "start": 0.0,
      "replica_set": 0.24700718099999985,
      "replica_fitted": 19.099551677,
      "replica_set_to_replica_fitted": 18.852544496
    }
  },
  "version": {
    "tensorflow": "2.16.1, mkl=??",
    "numpy": "1.26.4",
    "nnpdf": "4.0.9.post576.dev0+47a077fe1",
    "validphys": "4.0.9.post576.dev0+47a077fe1"
  }
}
