{
  "preprocessing": [
    {
      "fl": "sng",
      "smallx": 1.1170960664749146,
      "largex": 2.212820053100586,
      "trainable": false
    },
    {
      "fl": "g",
      "smallx": 1.1055147647857666,
      "largex": 3.78946852684021,
      "trainable": false
    },
    {
      "fl": "t3",
      "smallx": -0.2786402702331543,
      "largex": 3.328169822692871,
      "trainable": false
    },
    {
      "fl": "t8",
      "smallx": 0.7509292364120483,
      "largex": 3.1066815853118896,
      "trainable": false
    }
  ],
  "stop_epoch": 846,
  "best_epoch": 734,
  "erf_tr": 1.3318217992782593,
  "erf_vl": 3.184948205947876,
  "chi2": 1.5204899311065674,
  "pos_state": "POS_PASS",
  "arc_lengths": [
    1.0379813570689551,
    0.9985836376041014,
    0.9899487587939698,
    0.9899487587939698,
    0.9899487587939698
  ],
  "integrability": [
    7.035411643545873e-17,
    5.0270477759684074e-08,
    2.1510571102112408e-16,
    0.01125713181681931,
    0.0
  ]
}
