{
  "preprocessing": [
    {
      "fl": "sng",
      "smallx": 1.1170960664749146,
      "largex": 2.212820053100586,
      "trainable": false
    },
    {
      "fl": "g",
      "smallx": 1.1055147647857666,
      "largex": 3.78946852684021,
      "trainable": false
    },
    {
      "fl": "t3",
      "smallx": -0.2786402702331543,
      "largex": 3.328169822692871,
      "trainable": false
    },
    {
      "fl": "t8",
      "smallx": 0.7509292364120483,
      "largex": 3.1066815853118896,
      "trainable": false
    }
  ],
  "stop_epoch": 608,
  "best_epoch": 496,
  "erf_tr": 1.3589831590652466,
  "erf_vl": 3.249074697494507,
  "chi2": 1.565284252166748,
  "pos_state": "POS_PASS",
  "arc_lengths": [
    1.0353597815083804,
    0.9984771732258721,
    0.9899487587939698,
    0.9899487587939698,
    0.9899487587939698
  ],
  "integrability": [
    1.0408340855860843e-16,
    2.7755575615628914e-17,
    4.85722573273506e-17,
    0.012241716962307705,
    1.1796119636642288e-16
  ],
  "timing": {
    "walltime": {
      "Total": 8.643769264221191,
      "start": 0.0,
      "replica_set": 0.23259401321411133,
      "replica_fitted": 8.643662691116333,
      "replica_set_to_replica_fitted": 8.411068677902222
    },
    "cputime": {
      "Total": 9.363861112999999,
      "start": 0.0,
      "replica_set": 0.23084108100000034,
      "replica_fitted": 9.363752581,
      "replica_set_to_replica_fitted": 9.1329115
    }
  },
  "version": {
    "keras": "3.4.1",
    "tensorflow": "2.17.0, mkl=False",
    "numpy": "1.26.4",
    "nnpdf": "4.0.9.post1210.dev0+d36bcce78",
    "validphys": "4.0.9.post1210.dev0+d36bcce78"
  }
}
