{
  "preprocessing": [
    {
      "fl": "sng",
      "smallx": 1.1170960664749146,
      "largex": 2.212820053100586,
      "trainable": false
    },
    {
      "fl": "g",
      "smallx": 1.1055147647857666,
      "largex": 3.78946852684021,
      "trainable": false
    },
    {
      "fl": "t3",
      "smallx": -0.2786402702331543,
      "largex": 3.328169822692871,
      "trainable": false
    },
    {
      "fl": "t8",
      "smallx": 0.7509292364120483,
      "largex": 3.1066815853118896,
      "trainable": false
    }
  ],
  "stop_epoch": 466,
  "best_epoch": 354,
  "erf_tr": 1.1801773309707642,
  "erf_vl": 2.664975166320801,
  "chi2": 1.2875453233718872,
  "pos_state": "POS_PASS",
  "arc_lengths": [
    1.0365227251310736,
    1.0125186351030275,
    0.9899487587939698,
    0.9899487587939698,
    0.9899487587939698
  ],
  "integrability": [
    1.3183898417423734e-16,
    4.85722573273506e-17,
    4.85722573273506e-17,
    0.004581765737384488,
    2.0816681711721685e-16
  ],
  "timing": {
    "walltime": {
      "Total": 17.964065313339233,
      "start": 0.0,
      "replica_set": 0.23597407341003418,
      "replica_fitted": 17.963902473449707,
      "replica_set_to_replica_fitted": 17.727928400039673
    },
    "cputime": {
      "Total": 18.071885989000002,
      "start": 0.0,
      "replica_set": 0.2340430049999993,
      "replica_fitted": 18.071721742999998,
      "replica_set_to_replica_fitted": 17.837678738
    }
  },
  "version": {
    "keras": "3.3.3",
    "tensorflow": "2.16.1, mkl=False",
    "numpy": "1.26.4",
    "nnpdf": "4.0.9.post909.dev0+d8a530032",
    "validphys": "4.0.9.post909.dev0+d8a530032"
  }
}
