{
  "preprocessing": [
    {
      "fl": "sng",
      "smallx": 1.1170960664749146,
      "largex": 2.212820053100586,
      "trainable": false
    },
    {
      "fl": "g",
      "smallx": 1.1055147647857666,
      "largex": 3.78946852684021,
      "trainable": false
    },
    {
      "fl": "t3",
      "smallx": -0.2786402702331543,
      "largex": 3.328169822692871,
      "trainable": false
    },
    {
      "fl": "t8",
      "smallx": 0.7509292364120483,
      "largex": 3.1066815853118896,
      "trainable": false
    }
  ],
  "stop_epoch": 608,
  "best_epoch": 496,
  "erf_tr": 1.3589831590652466,
  "erf_vl": 3.249074697494507,
  "chi2": 1.565284252166748,
  "pos_state": "POS_PASS",
  "arc_lengths": [
    1.0353597815083804,
    0.9984771732258721,
    0.9899487587939698,
    0.9899487587939698,
    0.9899487587939698
  ],
  "integrability": [
    1.0408340855860843e-16,
    2.7755575615628914e-17,
    4.85722573273506e-17,
    0.012241716962307705,
    1.1796119636642288e-16
  ],
  "timing": {
    "walltime": {
      "Total": 9.003463745117188,
      "start": 0.0,
      "replica_set": 0.2323012351989746,
      "replica_fitted": 9.003390312194824,
      "replica_set_to_replica_fitted": 8.77108907699585
    },
    "cputime": {
      "Total": 9.724381046999998,
      "start": 0.0,
      "replica_set": 0.2303084740000001,
      "replica_fitted": 9.724305615999999,
      "replica_set_to_replica_fitted": 9.493997142
    }
  },
  "version": {
    "keras": "3.6.0",
    "tensorflow": "2.18.0, mkl=False",
    "numpy": "1.26.4",
    "nnpdf": "4.0.9.post1608.dev0+77c3343e3",
    "validphys": "4.0.9.post1608.dev0+77c3343e3"
  }
}
