{
  "preprocessing": [
    {
      "fl": "sng",
      "smallx": 1.1170960664749146,
      "largex": 2.212820053100586,
      "trainable": false
    },
    {
      "fl": "g",
      "smallx": 1.1055147647857666,
      "largex": 3.78946852684021,
      "trainable": false
    },
    {
      "fl": "t3",
      "smallx": -0.2786402702331543,
      "largex": 3.328169822692871,
      "trainable": false
    },
    {
      "fl": "t8",
      "smallx": 0.7509292364120483,
      "largex": 3.1066815853118896,
      "trainable": false
    }
  ],
  "stop_epoch": 816,
  "best_epoch": 704,
  "erf_tr": 1.3203022480010986,
  "erf_vl": 3.1224045753479004,
  "chi2": 1.4885507822036743,
  "pos_state": "POS_PASS",
  "arc_lengths": [
    1.0388332906706048,
    1.013279219105029,
    0.9899487587939698,
    0.9899487587939698,
    0.9899487587939698
  ],
  "integrability": [
    8.187894806610529e-16,
    1.942890293094024e-16,
    4.163336342344337e-16,
    0.008421278907917773,
    7.216449660063518e-16
  ],
  "timing": {
    "walltime": {
      "Total": 9.959540605545044,
      "start": 0.0,
      "replica_set": 0.24277329444885254,
      "replica_fitted": 9.959364652633667,
      "replica_set_to_replica_fitted": 9.716591358184814
    },
    "cputime": {
      "Total": 10.96347986,
      "start": 0.0,
      "replica_set": 0.24057827400000065,
      "replica_fitted": 10.963302269,
      "replica_set_to_replica_fitted": 10.722723994999999
    }
  },
  "version": {
    "keras": "3.4.1",
    "tensorflow": "2.17.0, mkl=False",
    "numpy": "1.26.4",
    "nnpdf": "4.0.9.post1200.dev0+60a6d3425",
    "validphys": "4.0.9.post1200.dev0+60a6d3425"
  }
}
