{
  "preprocessing": [
    {
      "fl": "sng",
      "smallx": 1.1170960664749146,
      "largex": 2.212820053100586,
      "trainable": false
    },
    {
      "fl": "g",
      "smallx": 1.1055147647857666,
      "largex": 3.78946852684021,
      "trainable": false
    },
    {
      "fl": "t3",
      "smallx": -0.2786402702331543,
      "largex": 3.328169822692871,
      "trainable": false
    },
    {
      "fl": "t8",
      "smallx": 0.7509292364120483,
      "largex": 3.1066815853118896,
      "trainable": false
    }
  ],
  "stop_epoch": 589,
  "best_epoch": 477,
  "erf_tr": 1.959101676940918,
  "erf_vl": 1.3174149990081787,
  "chi2": 1.0093454214242787,
  "pos_state": "POS_PASS",
  "arc_lengths": [
    1.025099299861624,
    1.000841872401975,
    0.9899487587939698,
    0.9899487587939698,
    0.9899487587939698
  ],
  "integrability": [
    5.376094970675529e-17,
    5.252133763317124e-08,
    2.0816681711721685e-17,
    0.009035774040967226,
    1.1102230246251565e-16
  ],
  "hyperparameters": "from runcard"
}
