{
  "preprocessing": [
    {
      "fl": "sng",
      "smallx": 1.1170960664749146,
      "largex": 2.212820053100586,
      "trainable": false
    },
    {
      "fl": "g",
      "smallx": 1.1055147647857666,
      "largex": 3.78946852684021,
      "trainable": false
    },
    {
      "fl": "t3",
      "smallx": -0.2786402702331543,
      "largex": 3.328169822692871,
      "trainable": false
    },
    {
      "fl": "t8",
      "smallx": 0.7509292364120483,
      "largex": 3.1066815853118896,
      "trainable": false
    }
  ],
  "stop_epoch": 582,
  "best_epoch": 470,
  "erf_tr": 1.9644136428833008,
  "erf_vl": 1.306310772895813,
  "chi2": 1.0095778245192308,
  "pos_state": "POS_PASS",
  "arc_lengths": [
    1.0252751216868317,
    1.000856654167351,
    0.9899487587939698,
    0.9899487587939698,
    0.9899487587939698
  ],
  "integrability": [
    4.367461552920668e-17,
    5.2490634751961585e-08,
    2.42861286636753e-17,
    0.009144823299720835,
    4.85722573273506e-17
  ]
}
