{
  "preprocessing": [
    {
      "fl": "sng",
      "smallx": 1.1170960664749146,
      "largex": 2.212820053100586,
      "trainable": false
    },
    {
      "fl": "g",
      "smallx": 1.1055147647857666,
      "largex": 3.78946852684021,
      "trainable": false
    },
    {
      "fl": "t3",
      "smallx": -0.2786402702331543,
      "largex": 3.328169822692871,
      "trainable": false
    },
    {
      "fl": "t8",
      "smallx": 0.7509292364120483,
      "largex": 3.1066815853118896,
      "trainable": false
    }
  ],
  "stop_epoch": 583,
  "best_epoch": 471,
  "erf_tr": 1.963300108909607,
  "erf_vl": 1.3075872659683228,
  "chi2": 1.010458256648137,
  "pos_state": "POS_PASS",
  "arc_lengths": [
    1.0251698011123591,
    1.0008592369064582,
    0.9899487587939698,
    0.9899487587939698,
    0.9899487587939698
  ],
  "integrability": [
    5.4211949928318765e-17,
    5.268019430404447e-08,
    1.3877787807814457e-17,
    0.0091840230161324,
    1.5265566588595902e-16
  ],
  "hyperparameters": "from runcard"
}
