{
  "preprocessing": [
    {
      "fl": "sng",
      "smallx": 1.1170960664749146,
      "largex": 2.212820053100586,
      "trainable": false
    },
    {
      "fl": "g",
      "smallx": 1.1055147647857666,
      "largex": 3.78946852684021,
      "trainable": false
    },
    {
      "fl": "t3",
      "smallx": -0.2786402702331543,
      "largex": 3.328169822692871,
      "trainable": false
    },
    {
      "fl": "t8",
      "smallx": 0.7509292364120483,
      "largex": 3.1066815853118896,
      "trainable": false
    }
  ],
  "stop_epoch": 588,
  "best_epoch": 476,
  "erf_tr": 1.9589897711276893,
  "erf_vl": 1.3116629463751104,
  "chi2": 1.0036861656857847,
  "pos_state": "POS_PASS",
  "arc_lengths": [
    1.0250915607915525,
    1.0008076766457958,
    0.9899487587939698,
    0.9899487587939698,
    0.9899487587939698
  ],
  "integrability": [
    7.78805397897889e-17,
    5.25558535996451e-08,
    2.7755575615628914e-17,
    0.00947731612372324,
    1.8041124150158794e-16
  ],
  "hyperparameters": "from runcard"
}
