{
  "preprocessing": [
    {
      "fl": "sng",
      "smallx": 1.1170960664749146,
      "largex": 2.212820053100586,
      "trainable": false
    },
    {
      "fl": "g",
      "smallx": 1.1055147647857666,
      "largex": 3.78946852684021,
      "trainable": false
    },
    {
      "fl": "t3",
      "smallx": -0.2786402702331543,
      "largex": 3.328169822692871,
      "trainable": false
    },
    {
      "fl": "t8",
      "smallx": 0.7509292364120483,
      "largex": 3.1066815853118896,
      "trainable": false
    }
  ],
  "stop_epoch": 606,
  "best_epoch": 494,
  "erf_tr": 1.3602882623672485,
  "erf_vl": 3.2446300983428955,
  "chi2": 1.5609610080718994,
  "pos_state": "POS_PASS",
  "arc_lengths": [
    1.0351742144407383,
    0.9984820263352162,
    0.9899487587939698,
    0.9899487587939698,
    0.9899487587939698
  ],
  "integrability": [
    6.591949208711867e-17,
    3.469446951953614e-17,
    4.163336342344337e-17,
    0.012828145409002838,
    1.1102230246251565e-16
  ],
  "timing": {
    "walltime": {
      "Total": 9.258205890655518,
      "start": 0.0,
      "replica_set": 0.22772002220153809,
      "replica_fitted": 9.258100032806396,
      "replica_set_to_replica_fitted": 9.030380010604858
    },
    "cputime": {
      "Total": 10.045152542,
      "start": 0.0,
      "replica_set": 0.22671885199999942,
      "replica_fitted": 10.045044019999999,
      "replica_set_to_replica_fitted": 9.818325168000001
    }
  },
  "version": {
    "keras": "3.7.0",
    "tensorflow": "2.18.0, mkl=False",
    "numpy": "1.26.4",
    "nnpdf": "4.0.9.post1787.dev0+07f3cbb3f",
    "validphys": "4.0.9.post1787.dev0+07f3cbb3f"
  }
}
