{
  "preprocessing": [
    {
      "fl": "sng",
      "smallx": 1.1170960664749146,
      "largex": 2.212820053100586,
      "trainable": false
    },
    {
      "fl": "g",
      "smallx": 1.1055147647857666,
      "largex": 3.78946852684021,
      "trainable": false
    },
    {
      "fl": "t3",
      "smallx": -0.2786402702331543,
      "largex": 3.328169822692871,
      "trainable": false
    },
    {
      "fl": "t8",
      "smallx": 0.7509292364120483,
      "largex": 3.1066815853118896,
      "trainable": false
    }
  ],
  "stop_epoch": 469,
  "best_epoch": 357,
  "erf_tr": 1.1797564029693604,
  "erf_vl": 2.6667048931121826,
  "chi2": 1.2882195711135864,
  "pos_state": "POS_PASS",
  "arc_lengths": [
    1.036581472319946,
    1.012537671323228,
    0.9899487587939698,
    0.9899487587939698,
    0.9899487587939698
  ],
  "integrability": [
    2.1510571102112408e-16,
    4.163336342344337e-17,
    6.938893903907228e-17,
    0.004506742989178733,
    2.0816681711721685e-16
  ],
  "timing": {
    "walltime": {
      "Total": 15.634247779846191,
      "start": 0.0,
      "replica_set": 0.20817255973815918,
      "replica_fitted": 15.634106397628784,
      "replica_set_to_replica_fitted": 15.425933837890625
    },
    "cputime": {
      "Total": 19.745803606000003,
      "start": 0.0,
      "replica_set": 3.4301586910000026,
      "replica_fitted": 19.745631283,
      "replica_set_to_replica_fitted": 16.315472592
    }
  },
  "version": {
    "tensorflow": "2.15.0, mkl=??",
    "numpy": "1.26.4",
    "nnpdf": "4.0.9.post993.dev0+a77ead0a5.dirty",
    "validphys": "4.0.9.post993.dev0+a77ead0a5.dirty"
  }
}
