{
  "outlier_n_sigma": 3.0,
  "chi2_stats": {
    "n_coalitions": 512,
    "mean": 0.006587487505706195,
    "std": 0.003413752183919656,
    "min": 0.0,
    "max": 0.01881675485850387,
    "median": 0.0062438146355636714,
    "p95": 0.012833356925904347,
    "p99": 0.01558497601315942
  },
  "outlier_chi2_threshold": 0.016828744057465164,
  "n_outlier_coalitions": 2,
  "outlier_coalitions": [
    {
      "coalition": [
        0,
        1,
        2,
        3,
        4,
        5,
        6,
        7,
        8
      ],
      "coalition_labels": [
        "cbar",
        "sbar",
        "ubar",
        "dbar",
        "g",
        "d",
        "u",
        "s",
        "c"
      ],
      "size": 9,
      "chi2": 0.01881675485850387,
      "z_score": 3.5823535786818836
    },
    {
      "coalition": [
        0,
        1,
        2,
        3,
        4,
        6,
        7,
        8
      ],
      "coalition_labels": [
        "cbar",
        "sbar",
        "ubar",
        "dbar",
        "g",
        "u",
        "s",
        "c"
      ],
      "size": 8,
      "chi2": 0.017512012889975948,
      "z_score": 3.2001518551139405
    }
  ],
  "per_player_marginals": {
    "cbar": {
      "n_marginals": 256,
      "mean": 0.001959845854562551,
      "std": 0.0007280483275811126,
      "min": 0.00021551312740730744,
      "max": 0.003704186999433645,
      "p05": 0.0007688360496138635,
      "p95": 0.0031506647792827747,
      "n_outliers_high": 0,
      "n_outliers_low": 0
    },
    "sbar": {
      "n_marginals": 256,
      "mean": 0.0017596818560999088,
      "std": 0.0007985698663408429,
      "min": 6.273695377712052e-05,
      "max": 0.0034566457993960853,
      "p05": 0.00048100722382765637,
      "p95": 0.003038415395117011,
      "n_outliers_high": 0,
      "n_outliers_low": 0
    },
    "ubar": {
      "n_marginals": 256,
      "mean": 0.0028766604695247677,
      "std": 0.0008523250133934454,
      "min": 0.000629606662683857,
      "max": 0.005123535477497443,
      "p05": 0.001494353451854502,
      "p95": 0.004258871679515608,
      "n_outliers_high": 0,
      "n_outliers_low": 0
    },
    "dbar": {
      "n_marginals": 256,
      "mean": 0.0025936273211466902,
      "std": 0.0012795186841335886,
      "min": -0.00073902100029688,
      "max": 0.005925922365210612,
      "p05": 0.0005217711541352088,
      "p95": 0.004665288593920847,
      "n_outliers_high": 0,
      "n_outliers_low": 0
    },
    "g": {
      "n_marginals": 256,
      "mean": 0.002490333809592151,
      "std": 0.0005123559424988754,
      "min": 0.001554792776992775,
      "max": 0.003425784959292022,
      "p05": 0.0017397609749489895,
      "p95": 0.0032410028505023836,
      "n_outliers_high": 0,
      "n_outliers_low": 0
    },
    "d": {
      "n_marginals": 256,
      "mean": 0.0009401710236873629,
      "std": 0.0008603757021896777,
      "min": -0.0009282630195803776,
      "max": 0.002808549033213481,
      "p05": -0.0005286316203802488,
      "p95": 0.0024088888798456387,
      "n_outliers_high": 0,
      "n_outliers_low": 0
    },
    "u": {
      "n_marginals": 256,
      "mean": 0.003062080112273491,
      "std": 0.0009048757661556909,
      "min": 0.0007873775017441798,
      "max": 0.005336827862389315,
      "p05": 0.0015794566511151409,
      "p95": 0.004544694694336826,
      "n_outliers_high": 0,
      "n_outliers_low": 0
    },
    "s": {
      "n_marginals": 256,
      "mean": 0.0013102427637932072,
      "std": 0.0007287248912168965,
      "min": -0.00039736070956930547,
      "max": 0.003017819557324497,
      "p05": 7.033966225000743e-05,
      "p95": 0.002550092002368276,
      "n_outliers_high": 0,
      "n_outliers_low": 0
    },
    "c": {
      "n_marginals": 256,
      "mean": 0.0018239721473315602,
      "std": 0.0006747413890532632,
      "min": 0.00015983193915247718,
      "max": 0.003488225284655977,
      "p05": 0.0006782586955693115,
      "p95": 0.0029695125595019523,
      "n_outliers_high": 0,
      "n_outliers_low": 0
    }
  }
}