{
  "timestamp": "2026-05-14T10:04:43.850582",
  "results": {
    "results_by_basis": {
      "flavor": {
        "shapley_values": {
          "cbar": 0.0019598726016860895,
          "sbar": 0.0017596900884330412,
          "ubar": 0.002876668036874747,
          "dbar": 0.002593674807837871,
          "g": 0.002490348294488556,
          "d": 0.000940173205500299,
          "u": 0.003062087635440587,
          "s": 0.0013102492195487744,
          "c": 0.0018239909686939078
        },
        "phi_even": {
          "cbar": 0.0019598726016860895,
          "sbar": 0.0017596900884330412,
          "ubar": 0.002876668036874747,
          "dbar": 0.002593674807837871,
          "g": 0.002490348294488556,
          "d": 0.000940173205500299,
          "u": 0.003062087635440587,
          "s": 0.0013102492195487744,
          "c": 0.0018239909686939078
        },
        "phi_odd": {
          "cbar": 0.001382660911936088,
          "sbar": 0.0005215560844273511,
          "ubar": 0.0019422382833168665,
          "dbar": 4.1671954669358765e-05,
          "g": 0.0011775599699958323,
          "d": 0.0002005878647877095,
          "u": 0.0004520768879764009,
          "s": 0.0003889291228039864,
          "c": 0.000917183684032851
        },
        "phi_odd_signed": {
          "cbar": 0.001382660911936088,
          "sbar": 0.0005215560844273511,
          "ubar": 0.0019422382833168665,
          "dbar": -4.1671954669358765e-05,
          "g": -0.0011775599699958323,
          "d": 0.0002005878647877095,
          "u": -0.0004520768879764009,
          "s": 0.0003889291228039864,
          "c": 0.000917183684032851
        },
        "sign_sensitivity_abs": {
          "cbar": 0.001382660911936088,
          "sbar": 0.0005215560844273511,
          "ubar": 0.0019422382833168665,
          "dbar": 4.1671954669358765e-05,
          "g": 0.0011775599699958323,
          "d": 0.0002005878647877095,
          "u": 0.0004520768879764009,
          "s": 0.0003889291228039864,
          "c": 0.000917183684032851
        },
        "shapley_values_per_replica": null,
        "phi_even_per_replica": null,
        "phi_odd_per_replica": null,
        "phi_odd_signed_per_replica": null,
        "shapley_values_per_sign_sample": null,
        "shapley_std": null,
        "std_even_rep": null,
        "shapley_err": null,
        "shapley_values_odd": {
          "cbar": 0.001382660911936088,
          "sbar": 0.0005215560844273511,
          "ubar": 0.0019422382833168665,
          "dbar": 4.1671954669358765e-05,
          "g": 0.0011775599699958323,
          "d": 0.0002005878647877095,
          "u": 0.0004520768879764009,
          "s": 0.0003889291228039864,
          "c": 0.000917183684032851
        },
        "shapley_odd_std": null,
        "std_odd_rep": null,
        "shapley_odd_err": null,
        "shapley_sign_std": null,
        "shapley_sign_err": null,
        "per_replica": false,
        "random_sign": false,
        "member_mode": "central",
        "n_sign_samples": 1,
        "antithetic_sign": false,
        "deterministic_sign_symmetrized": true,
        "random_seed": null,
        "baseline_chi2": 1.1425467209619293,
        "validation_checks": {
          "completeness_even": {
            "max_abs_diff": 0.0,
            "tol": 1e-10,
            "pass": true
          },
          "completeness_odd": {
            "max_abs_diff": 3.0357660829594124e-18,
            "tol": 1e-10,
            "pass": true
          },
          "empty_even_zero": {
            "max_abs_diff": 0.0,
            "tol": 1e-10,
            "pass": true
          },
          "empty_odd_zero": {
            "max_abs_diff": 0.0,
            "tol": 1e-10,
            "pass": true
          },
          "chi2_symmetry_residual": 0.010228739612799576,
          "odd_zero_if_symmetric": {
            "phi_odd_max_abs": 0.0019422382833168665,
            "tol": 1e-10,
            "pass": true
          },
          "even_vs_pm": {
            "max_abs_diff": 2.6020852139652106e-17,
            "tol": 1e-10,
            "pass": true
          },
          "odd_vs_pm": {
            "max_abs_diff": 1.3010426069826053e-18,
            "tol": 1e-10,
            "pass": true
          }
        },
        "coalitions_evaluated": 512,
        "theory_evaluations": 1023,
        "elapsed_seconds": 1596.8,
        "n_jobs": 16,
        "n_datasets_used": 82,
        "stabilization": {
          "enabled": true,
          "action": "exclude_dataset",
          "dataset_delta_chi2_threshold": 100000.0,
          "max_outlier_coalitions": 5,
          "stable_rerun_performed": false,
          "n_excluded_datasets": 0,
          "excluded_datasets": [],
          "report_json": "/home/dakshanshchawda/nnpdf/validphys2/src/validphys/shapley/sv_results/nnpdf40_physical/20260514_093633_physical_xscan_dense_evol/mu_19/stabilization_report_flavor.json"
        }
      }
    }
  },
  "metadata": {
    "runcard": "/home/dakshanshchawda/nnpdf/validphys2/src/validphys/shapley/runcards/nnpdf4.0_physical_dense.yaml",
    "pdf_name": "NNPDF40_nnlo_as_01180",
    "theory_id": 708,
    "n_datasets": 82,
    "n_replicas": 100,
    "perturbation": {
      "mu": 0.00283516853912,
      "sigma": 0.25,
      "amplitude": 1.0,
      "mode": "physical",
      "xspace": "logx",
      "per_replica": false,
      "random_sign": false,
      "member_mode": "central",
      "n_sign_samples": 1,
      "antithetic_sign": false,
      "deterministic_sign_symmetrized": true,
      "random_seed": null
    },
    "enforce_sumrules": false,
    "n_jobs": 16,
    "stabilization": {
      "enabled": true,
      "action": "exclude_dataset",
      "dataset_delta_chi2_threshold": 100000.0,
      "max_outlier_coalitions": 5,
      "rerun_stable": true
    }
  }
}