flavour,shapley_value
cbar,0.00138266
sbar,0.00052156
ubar,0.00194224
dbar,0.00004167
g,0.00117756
d,0.00020059
u,0.00045208
s,0.00038893
c,0.00091718
