flavour,shapley_value
cbar,0.00195987
sbar,0.00175969
ubar,0.00287667
dbar,0.00259367
g,0.00249035
d,0.00094017
u,0.00306209
s,0.00131025
c,0.00182399
