{
  "outlier_n_sigma": 3.0,
  "chi2_stats": {
    "n_coalitions": 512,
    "mean": 0.006683011438814621,
    "std": 0.0035772621611038923,
    "min": 0.0,
    "max": 0.018989383900736012,
    "median": 0.00634914291133204,
    "p95": 0.01315860491419809,
    "p99": 0.015728905808170837
  },
  "outlier_chi2_threshold": 0.017414797922126298,
  "n_outlier_coalitions": 2,
  "outlier_coalitions": [
    {
      "coalition": [
        0,
        1,
        2,
        3,
        4,
        5,
        6,
        7,
        8
      ],
      "coalition_labels": [
        "cbar",
        "sbar",
        "ubar",
        "dbar",
        "g",
        "d",
        "u",
        "s",
        "c"
      ],
      "size": 9,
      "chi2": 0.018989383900736012,
      "z_score": 3.4401651060776097
    },
    {
      "coalition": [
        0,
        1,
        2,
        3,
        4,
        6,
        7,
        8
      ],
      "coalition_labels": [
        "cbar",
        "sbar",
        "ubar",
        "dbar",
        "g",
        "u",
        "s",
        "c"
      ],
      "size": 8,
      "chi2": 0.017824570457432243,
      "z_score": 3.1145492046295806
    }
  ],
  "per_player_marginals": {
    "cbar": {
      "n_marginals": 256,
      "mean": 0.0018234530666657424,
      "std": 0.0006997783552950309,
      "min": 0.00017260288700926552,
      "max": 0.0034743480946435312,
      "p05": 0.0006621249401266849,
      "p95": 0.0029848919730005585,
      "n_outliers_high": 0,
      "n_outliers_low": 0
    },
    "sbar": {
      "n_marginals": 256,
      "mean": 0.0015682431469656475,
      "std": 0.00062035529485344,
      "min": 0.00016706720688697274,
      "max": 0.0029694444682331067,
      "p05": 0.0005497760720440947,
      "p95": 0.0025866786281821263,
      "n_outliers_high": 0,
      "n_outliers_low": 0
    },
    "ubar": {
      "n_marginals": 256,
      "mean": 0.0027538962548151946,
      "std": 0.000793494146419514,
      "min": 0.0006591760948990721,
      "max": 0.004848468668637196,
      "p05": 0.0014629679559844955,
      "p95": 0.004044796426478259,
      "n_outliers_high": 0,
      "n_outliers_low": 0
    },
    "dbar": {
      "n_marginals": 256,
      "mean": 0.0025800693495552736,
      "std": 0.0010913191765066484,
      "min": -0.00015074681239579668,
      "max": 0.0053105044920427336,
      "p05": 0.0007734702199780341,
      "p95": 0.004386386158225841,
      "n_outliers_high": 0,
      "n_outliers_low": 0
    },
    "g": {
      "n_marginals": 256,
      "mean": 0.004241323480038923,
      "std": 0.000731217603240609,
      "min": 0.003022470945725164,
      "max": 0.00546004452056148,
      "p05": 0.003254106296736503,
      "p95": 0.005228506389872767,
      "n_outliers_high": 0,
      "n_outliers_low": 0
    },
    "d": {
      "n_marginals": 256,
      "mean": 0.0007313624267728117,
      "std": 0.0005563477706137561,
      "min": -0.0005297747928492136,
      "max": 0.001992462494247116,
      "p05": -0.00022307787405406732,
      "p95": 0.0016857901788750462,
      "n_outliers_high": 0,
      "n_outliers_low": 0
    },
    "u": {
      "n_marginals": 256,
      "mean": 0.002459631896309252,
      "std": 0.0007531674639796586,
      "min": 0.0005067727044416603,
      "max": 0.0044125520018545306,
      "p05": 0.0012103417725816135,
      "p95": 0.0037089495411053996,
      "n_outliers_high": 0,
      "n_outliers_low": 0
    },
    "s": {
      "n_marginals": 256,
      "mean": 0.0011173336313166611,
      "std": 0.0005331608630180494,
      "min": -0.00020316455235658282,
      "max": 0.0024378051114157806,
      "p05": 0.00023395444866319837,
      "p95": 0.002000692131023718,
      "n_outliers_high": 0,
      "n_outliers_low": 0
    },
    "c": {
      "n_marginals": 256,
      "mean": 0.0017139475097510395,
      "std": 0.0006436775717294912,
      "min": 9.486687171156305e-05,
      "max": 0.0033330959076109945,
      "p05": 0.0006577062073035433,
      "p95": 0.00277002755981548,
      "n_outliers_high": 0,
      "n_outliers_low": 0
    }
  }
}