{
  "timestamp": "2026-05-14T10:03:49.821047",
  "results": {
    "results_by_basis": {
      "flavor": {
        "shapley_values": {
          "cbar": 0.0018234771618017497,
          "sbar": 0.0015682488024588836,
          "ubar": 0.0027539080120389213,
          "dbar": 0.0025801070072050034,
          "g": 0.004241341517432248,
          "d": 0.0007313646897073233,
          "u": 0.0024596420484916982,
          "s": 0.0011173358586739689,
          "c": 0.0017139588029262142
        },
        "phi_even": {
          "cbar": 0.0018234771618017497,
          "sbar": 0.0015682488024588836,
          "ubar": 0.0027539080120389213,
          "dbar": 0.0025801070072050034,
          "g": 0.004241341517432248,
          "d": 0.0007313646897073233,
          "u": 0.0024596420484916982,
          "s": 0.0011173358586739689,
          "c": 0.0017139588029262142
        },
        "phi_odd": {
          "cbar": 0.001261747345694063,
          "sbar": 0.00014825349399714068,
          "ubar": 0.001732547081371309,
          "dbar": 0.0007231870223076256,
          "g": 0.001697882303605997,
          "d": 0.00011351201566283964,
          "u": 0.0002906457740499059,
          "s": 0.00022227235503942286,
          "c": 0.0007905761361175671
        },
        "phi_odd_signed": {
          "cbar": 0.001261747345694063,
          "sbar": 0.00014825349399714068,
          "ubar": 0.001732547081371309,
          "dbar": -0.0007231870223076256,
          "g": -0.001697882303605997,
          "d": 0.00011351201566283964,
          "u": -0.0002906457740499059,
          "s": 0.00022227235503942286,
          "c": 0.0007905761361175671
        },
        "sign_sensitivity_abs": {
          "cbar": 0.001261747345694063,
          "sbar": 0.00014825349399714068,
          "ubar": 0.001732547081371309,
          "dbar": 0.0007231870223076256,
          "g": 0.001697882303605997,
          "d": 0.00011351201566283964,
          "u": 0.0002906457740499059,
          "s": 0.00022227235503942286,
          "c": 0.0007905761361175671
        },
        "shapley_values_per_replica": null,
        "phi_even_per_replica": null,
        "phi_odd_per_replica": null,
        "phi_odd_signed_per_replica": null,
        "shapley_values_per_sign_sample": null,
        "shapley_std": null,
        "std_even_rep": null,
        "shapley_err": null,
        "shapley_values_odd": {
          "cbar": 0.001261747345694063,
          "sbar": 0.00014825349399714068,
          "ubar": 0.001732547081371309,
          "dbar": 0.0007231870223076256,
          "g": 0.001697882303605997,
          "d": 0.00011351201566283964,
          "u": 0.0002906457740499059,
          "s": 0.00022227235503942286,
          "c": 0.0007905761361175671
        },
        "shapley_odd_std": null,
        "std_odd_rep": null,
        "shapley_odd_err": null,
        "shapley_sign_std": null,
        "shapley_sign_err": null,
        "per_replica": false,
        "random_sign": false,
        "member_mode": "central",
        "n_sign_samples": 1,
        "antithetic_sign": false,
        "deterministic_sign_symmetrized": true,
        "random_seed": null,
        "baseline_chi2": 1.1425467209619293,
        "validation_checks": {
          "completeness_even": {
            "max_abs_diff": 0.0,
            "tol": 1e-10,
            "pass": true
          },
          "completeness_odd": {
            "max_abs_diff": 1.734723475976807e-18,
            "tol": 1e-10,
            "pass": true
          },
          "empty_even_zero": {
            "max_abs_diff": 0.0,
            "tol": 1e-10,
            "pass": true
          },
          "empty_odd_zero": {
            "max_abs_diff": 0.0,
            "tol": 1e-10,
            "pass": true
          },
          "chi2_symmetry_residual": 0.008025229601956285,
          "odd_zero_if_symmetric": {
            "phi_odd_max_abs": 0.001732547081371309,
            "tol": 1e-10,
            "pass": true
          },
          "even_vs_pm": {
            "max_abs_diff": 3.209238430557093e-17,
            "tol": 1e-10,
            "pass": true
          },
          "odd_vs_pm": {
            "max_abs_diff": 1.3010426069826053e-18,
            "tol": 1e-10,
            "pass": true
          }
        },
        "coalitions_evaluated": 512,
        "theory_evaluations": 1023,
        "elapsed_seconds": 1544.4,
        "n_jobs": 16,
        "n_datasets_used": 82,
        "stabilization": {
          "enabled": true,
          "action": "exclude_dataset",
          "dataset_delta_chi2_threshold": 100000.0,
          "max_outlier_coalitions": 5,
          "stable_rerun_performed": false,
          "n_excluded_datasets": 0,
          "excluded_datasets": [],
          "report_json": "/home/dakshanshchawda/nnpdf/validphys2/src/validphys/shapley/sv_results/nnpdf40_physical/20260514_093633_physical_xscan_dense_evol/mu_18/stabilization_report_flavor.json"
        }
      }
    }
  },
  "metadata": {
    "runcard": "/home/dakshanshchawda/nnpdf/validphys2/src/validphys/shapley/runcards/nnpdf4.0_physical_dense.yaml",
    "pdf_name": "NNPDF40_nnlo_as_01180",
    "theory_id": 708,
    "n_datasets": 82,
    "n_replicas": 100,
    "perturbation": {
      "mu": 0.00235439894397,
      "sigma": 0.25,
      "amplitude": 1.0,
      "mode": "physical",
      "xspace": "logx",
      "per_replica": false,
      "random_sign": false,
      "member_mode": "central",
      "n_sign_samples": 1,
      "antithetic_sign": false,
      "deterministic_sign_symmetrized": true,
      "random_seed": null
    },
    "enforce_sumrules": false,
    "n_jobs": 16,
    "stabilization": {
      "enabled": true,
      "action": "exclude_dataset",
      "dataset_delta_chi2_threshold": 100000.0,
      "max_outlier_coalitions": 5,
      "rerun_stable": true
    }
  }
}