flavour,shapley_value
cbar,0.00126175
sbar,0.00014825
ubar,0.00173255
dbar,0.00072319
g,0.00169788
d,0.00011351
u,0.00029065
s,0.00022227
c,0.00079058
