flavour,shapley_value
cbar,0.00182348
sbar,0.00156825
ubar,0.00275391
dbar,0.00258011
g,0.00424134
d,0.00073136
u,0.00245964
s,0.00111734
c,0.00171396
