{
  "outlier_n_sigma": 3.0,
  "chi2_stats": {
    "n_coalitions": 512,
    "mean": -7.832609931809724e-05,
    "std": 0.00013458276190668654,
    "min": -0.0002491169503791024,
    "max": 9.668199570955771e-05,
    "median": -8.04437047887685e-05,
    "p95": 9.661168047132573e-05,
    "p99": 9.66664700534814e-05
  },
  "outlier_chi2_threshold": 0.00032542218640196235,
  "n_outlier_coalitions": 0,
  "outlier_coalitions": [],
  "per_player_marginals": {
    "cbar": {
      "n_marginals": 256,
      "mean": -5.2628193421278e-08,
      "std": 3.747148040516274e-08,
      "min": -9.144268253713506e-08,
      "max": -1.381216052642742e-08,
      "p05": -9.142929863203975e-08,
      "p95": -1.3825543154766251e-08,
      "n_outliers_high": 0,
      "n_outliers_low": 0
    },
    "sbar": {
      "n_marginals": 256,
      "mean": -0.00025275094562900516,
      "std": 4.2282727307933935e-06,
      "min": -0.00025698352411751557,
      "max": -0.0002485183718872186,
      "p05": -0.00025698195487899866,
      "p95": -0.0002485199392370241,
      "n_outliers_high": 0,
      "n_outliers_low": 0
    },
    "ubar": {
      "n_marginals": 256,
      "mean": -5.470547193367481e-08,
      "std": 2.184941606865034e-08,
      "min": -7.723883799215514e-08,
      "max": -3.217108002218083e-08,
      "p05": -7.723097311673754e-08,
      "p95": -3.2178943065730437e-08,
      "n_outliers_high": 0,
      "n_outliers_low": 0
    },
    "dbar": {
      "n_marginals": 256,
      "mean": -1.656915693190597e-09,
      "std": 6.63460203736394e-11,
      "min": -1.7449828249027632e-09,
      "max": -1.5688452759121674e-09,
      "p05": -1.7449564015947772e-09,
      "p95": -1.5688714771755485e-09,
      "n_outliers_high": 0,
      "n_outliers_low": 0
    },
    "g": {
      "n_marginals": 256,
      "mean": -4.189220773297142e-07,
      "std": 1.1571590488265055e-10,
      "min": -4.190628457578782e-07,
      "max": -4.1878133671957585e-07,
      "p05": -4.190627712064021e-07,
      "p95": -4.187814113265631e-07,
      "n_outliers_high": 0,
      "n_outliers_low": 0
    },
    "d": {
      "n_marginals": 256,
      "mean": -1.6630458867655795e-09,
      "std": 2.476271211347236e-11,
      "min": -1.6920596035419067e-09,
      "max": -1.6340286901339596e-09,
      "p05": -1.6920452261537378e-09,
      "p95": -1.6340428454775235e-09,
      "n_outliers_high": 0,
      "n_outliers_low": 0
    },
    "u": {
      "n_marginals": 256,
      "mean": 1.8205050538247503e-08,
      "std": 2.050989257158398e-08,
      "min": -3.0783806614920195e-09,
      "max": 3.9489249648028135e-08,
      "p05": -3.070521170656093e-09,
      "p95": 3.948139193354905e-08,
      "n_outliers_high": 0,
      "n_outliers_low": 0
    },
    "s": {
      "n_marginals": 256,
      "mean": 9.246066320386069e-05,
      "std": 4.228690642704234e-06,
      "min": 8.811734332403454e-05,
      "max": 9.680398782041522e-05,
      "p05": 8.815839933212777e-05,
      "p95": 9.676293032728767e-05,
      "n_outliers_high": 0,
      "n_outliers_low": 0
    },
    "c": {
      "n_marginals": 256,
      "mean": 3.207892775719534e-08,
      "std": 3.523203920369537e-08,
      "min": -4.4714603131268404e-09,
      "max": 6.863074464291685e-08,
      "p05": -4.457940572244468e-09,
      "p95": 6.861722673390247e-08,
      "n_outliers_high": 0,
      "n_outliers_low": 0
    }
  }
}