flavour,shapley_value
cbar,0.00000005
sbar,0.00025275
ubar,0.00000006
dbar,0.00000000
g,0.00000043
d,0.00000000
u,0.00000002
s,0.00009246
c,0.00000003
