{
  "outlier_n_sigma": 3.0,
  "chi2_stats": {
    "n_coalitions": 512,
    "mean": 0.0058124879569892585,
    "std": 0.0031101569507204154,
    "min": 0.0,
    "max": 0.016814133094120942,
    "median": 0.0055347231648879,
    "p95": 0.01146907094057341,
    "p99": 0.013778996689795809
  },
  "outlier_chi2_threshold": 0.015142958809150505,
  "n_outlier_coalitions": 2,
  "outlier_coalitions": [
    {
      "coalition": [
        0,
        1,
        2,
        3,
        4,
        5,
        6,
        7,
        8
      ],
      "coalition_labels": [
        "cbar",
        "sbar",
        "ubar",
        "dbar",
        "g",
        "d",
        "u",
        "s",
        "c"
      ],
      "size": 9,
      "chi2": 0.016814133094120942,
      "z_score": 3.537327958508119
    },
    {
      "coalition": [
        0,
        1,
        2,
        3,
        4,
        6,
        7,
        8
      ],
      "coalition_labels": [
        "cbar",
        "sbar",
        "ubar",
        "dbar",
        "g",
        "u",
        "s",
        "c"
      ],
      "size": 8,
      "chi2": 0.01570567925316335,
      "z_score": 3.18092991862758
    }
  ],
  "per_player_marginals": {
    "cbar": {
      "n_marginals": 256,
      "mean": 0.0016834820156748052,
      "std": 0.0006419647409740731,
      "min": 0.00017503159687670689,
      "max": 0.0031919557032678014,
      "p05": 0.0006051179040492127,
      "p95": 0.002761923672001676,
      "n_outliers_high": 0,
      "n_outliers_low": 0
    },
    "sbar": {
      "n_marginals": 256,
      "mean": 0.0014312448818534773,
      "std": 0.0005384440058948992,
      "min": 0.0001932888774429653,
      "max": 0.002669228772040899,
      "p05": 0.0005304740609531899,
      "p95": 0.0023320727629286275,
      "n_outliers_high": 0,
      "n_outliers_low": 0
    },
    "ubar": {
      "n_marginals": 256,
      "mean": 0.00240185612426181,
      "std": 0.0007215966100428427,
      "min": 0.0005420935511111225,
      "max": 0.00426150765634814,
      "p05": 0.0011358436916662495,
      "p95": 0.003667869910537913,
      "n_outliers_high": 0,
      "n_outliers_low": 0
    },
    "dbar": {
      "n_marginals": 256,
      "mean": 0.002456787307771187,
      "std": 0.0009467756891372074,
      "min": 0.00017419537727092482,
      "max": 0.004739098547787091,
      "p05": 0.0009336153865045493,
      "p95": 0.003979724209638269,
      "n_outliers_high": 0,
      "n_outliers_low": 0
    },
    "g": {
      "n_marginals": 256,
      "mean": 0.00331809129621268,
      "std": 0.0006650153571974989,
      "min": 0.002316001841459636,
      "max": 0.004320079014624945,
      "p05": 0.0024699111015425435,
      "p95": 0.004166210917331492,
      "n_outliers_high": 0,
      "n_outliers_low": 0
    },
    "d": {
      "n_marginals": 256,
      "mean": 0.0006548631990925362,
      "std": 0.0004381353809846532,
      "min": -0.00036193151904373444,
      "max": 0.001671633329515032,
      "p05": -8.944867527826972e-05,
      "p95": 0.0013991783227891852,
      "n_outliers_high": 0,
      "n_outliers_low": 0
    },
    "u": {
      "n_marginals": 256,
      "mean": 0.0022546190206190996,
      "std": 0.0006945470931655757,
      "min": 0.0004553076187228111,
      "max": 0.004053970504945159,
      "p05": 0.0011238987969610092,
      "p95": 0.0033853569779196957,
      "n_outliers_high": 0,
      "n_outliers_low": 0
    },
    "s": {
      "n_marginals": 256,
      "mean": 0.0010174105587568687,
      "std": 0.0004541233727028739,
      "min": -0.00013173526106369238,
      "max": 0.002166536805982222,
      "p05": 0.00027529805623804915,
      "p95": 0.0017595251668207634,
      "n_outliers_high": 0,
      "n_outliers_low": 0
    },
    "c": {
      "n_marginals": 256,
      "mean": 0.001595687700138652,
      "std": 0.000601347644701333,
      "min": 8.004150440554803e-05,
      "max": 0.00311136898281128,
      "p05": 0.0006228596947407405,
      "p95": 0.002568452346080441,
      "n_outliers_high": 0,
      "n_outliers_low": 0
    }
  }
}