{
  "timestamp": "2026-05-14T10:04:30.622323",
  "results": {
    "results_by_basis": {
      "flavor": {
        "shapley_values": {
          "cbar": 0.0016835000996618839,
          "sbar": 0.0014312495294449823,
          "ubar": 0.002401866171550564,
          "dbar": 0.002456816129836746,
          "g": 0.003318105365648825,
          "d": 0.0006548646200706647,
          "u": 0.002254625700973006,
          "s": 0.001017411929039881,
          "c": 0.0015956935478943905
        },
        "phi_even": {
          "cbar": 0.0016835000996618839,
          "sbar": 0.0014312495294449823,
          "ubar": 0.002401866171550564,
          "dbar": 0.002456816129836746,
          "g": 0.003318105365648825,
          "d": 0.0006548646200706647,
          "u": 0.002254625700973006,
          "s": 0.001017411929039881,
          "c": 0.0015956935478943905
        },
        "phi_odd": {
          "cbar": 0.0010830624452323266,
          "sbar": 0.0001760253064542124,
          "ubar": 0.0012964458581686013,
          "dbar": 0.0012215121040197805,
          "g": 0.0013680483963965174,
          "d": 1.141145137035256e-05,
          "u": 0.0005031705910273464,
          "s": 5.6322362249197375e-05,
          "c": 0.0006485742855248724
        },
        "phi_odd_signed": {
          "cbar": 0.0010830624452323266,
          "sbar": -0.0001760253064542124,
          "ubar": 0.0012964458581686013,
          "dbar": -0.0012215121040197805,
          "g": -0.0013680483963965174,
          "d": 1.141145137035256e-05,
          "u": -0.0005031705910273464,
          "s": 5.6322362249197375e-05,
          "c": 0.0006485742855248724
        },
        "sign_sensitivity_abs": {
          "cbar": 0.0010830624452323266,
          "sbar": 0.0001760253064542124,
          "ubar": 0.0012964458581686013,
          "dbar": 0.0012215121040197805,
          "g": 0.0013680483963965174,
          "d": 1.141145137035256e-05,
          "u": 0.0005031705910273464,
          "s": 5.6322362249197375e-05,
          "c": 0.0006485742855248724
        },
        "shapley_values_per_replica": null,
        "phi_even_per_replica": null,
        "phi_odd_per_replica": null,
        "phi_odd_signed_per_replica": null,
        "shapley_values_per_sign_sample": null,
        "shapley_std": null,
        "std_even_rep": null,
        "shapley_err": null,
        "shapley_values_odd": {
          "cbar": 0.0010830624452323266,
          "sbar": 0.0001760253064542124,
          "ubar": 0.0012964458581686013,
          "dbar": 0.0012215121040197805,
          "g": 0.0013680483963965174,
          "d": 1.141145137035256e-05,
          "u": 0.0005031705910273464,
          "s": 5.6322362249197375e-05,
          "c": 0.0006485742855248724
        },
        "shapley_odd_std": null,
        "std_odd_rep": null,
        "shapley_odd_err": null,
        "shapley_sign_std": null,
        "shapley_sign_err": null,
        "per_replica": false,
        "random_sign": false,
        "member_mode": "central",
        "n_sign_samples": 1,
        "antithetic_sign": false,
        "deterministic_sign_symmetrized": true,
        "random_seed": null,
        "baseline_chi2": 1.1425467209619293,
        "validation_checks": {
          "completeness_even": {
            "max_abs_diff": 3.469446951953614e-18,
            "tol": 1e-10,
            "pass": true
          },
          "completeness_odd": {
            "max_abs_diff": 7.589415207398531e-19,
            "tol": 1e-10,
            "pass": true
          },
          "empty_even_zero": {
            "max_abs_diff": 0.0,
            "tol": 1e-10,
            "pass": true
          },
          "empty_odd_zero": {
            "max_abs_diff": 0.0,
            "tol": 1e-10,
            "pass": true
          },
          "chi2_symmetry_residual": 0.007968873284508682,
          "odd_zero_if_symmetric": {
            "phi_odd_max_abs": 0.0013680483963965174,
            "tol": 1e-10,
            "pass": true
          },
          "even_vs_pm": {
            "max_abs_diff": 1.7780915628762273e-17,
            "tol": 1e-10,
            "pass": true
          },
          "odd_vs_pm": {
            "max_abs_diff": 6.505213034913027e-19,
            "tol": 1e-10,
            "pass": true
          }
        },
        "coalitions_evaluated": 512,
        "theory_evaluations": 1023,
        "elapsed_seconds": 1583.6,
        "n_jobs": 16,
        "n_datasets_used": 82,
        "stabilization": {
          "enabled": true,
          "action": "exclude_dataset",
          "dataset_delta_chi2_threshold": 100000.0,
          "max_outlier_coalitions": 5,
          "stable_rerun_performed": false,
          "n_excluded_datasets": 0,
          "excluded_datasets": [],
          "report_json": "/home/dakshanshchawda/nnpdf/validphys2/src/validphys/shapley/sv_results/nnpdf40_physical/20260514_093633_physical_xscan_dense_evol/mu_17/stabilization_report_flavor.json"
        }
      }
    }
  },
  "metadata": {
    "runcard": "/home/dakshanshchawda/nnpdf/validphys2/src/validphys/shapley/runcards/nnpdf4.0_physical_dense.yaml",
    "pdf_name": "NNPDF40_nnlo_as_01180",
    "theory_id": 708,
    "n_datasets": 82,
    "n_replicas": 100,
    "perturbation": {
      "mu": 0.00195515515599,
      "sigma": 0.25,
      "amplitude": 1.0,
      "mode": "physical",
      "xspace": "logx",
      "per_replica": false,
      "random_sign": false,
      "member_mode": "central",
      "n_sign_samples": 1,
      "antithetic_sign": false,
      "deterministic_sign_symmetrized": true,
      "random_seed": null
    },
    "enforce_sumrules": false,
    "n_jobs": 16,
    "stabilization": {
      "enabled": true,
      "action": "exclude_dataset",
      "dataset_delta_chi2_threshold": 100000.0,
      "max_outlier_coalitions": 5,
      "rerun_stable": true
    }
  }
}