flavour,shapley_value
cbar,0.00168350
sbar,0.00143125
ubar,0.00240187
dbar,0.00245682
g,0.00331811
d,0.00065486
u,0.00225463
s,0.00101741
c,0.00159569
