flavour,shapley_value
cbar,0.00108306
sbar,0.00017603
ubar,0.00129645
dbar,0.00122151
g,0.00136805
d,0.00001141
u,0.00050317
s,0.00005632
c,0.00064857
