{
  "outlier_n_sigma": 3.0,
  "chi2_stats": {
    "n_coalitions": 512,
    "mean": -0.00025424639199623676,
    "std": 0.0003522012366275168,
    "min": -0.0007805535383018647,
    "max": 0.00017168944941681197,
    "median": -0.00020269486996293828,
    "p95": 0.00016889054942081927,
    "p99": 0.00017060375392108585
  },
  "outlier_chi2_threshold": 0.0008023573178863137,
  "n_outlier_coalitions": 0,
  "outlier_coalitions": [],
  "per_player_marginals": {
    "cbar": {
      "n_marginals": 256,
      "mean": -1.3296552361219578e-05,
      "std": 1.3128853757157451e-05,
      "min": -2.8155224184978067e-05,
      "max": 1.5642753390388009e-06,
      "p05": -2.8133160499210774e-05,
      "p95": 1.5422638089401808e-06,
      "n_outliers_high": 0,
      "n_outliers_low": 0
    },
    "sbar": {
      "n_marginals": 256,
      "mean": -0.00011722707408080759,
      "std": 0.00029128548786140255,
      "min": -0.00041837231075625425,
      "max": 0.00018391524862848563,
      "p05": -0.00041664468077790007,
      "p95": 0.00018219547710579542,
      "n_outliers_high": 0,
      "n_outliers_low": 0
    },
    "ubar": {
      "n_marginals": 256,
      "mean": -8.13926489717353e-06,
      "std": 6.79922858626145e-06,
      "min": -1.5782793013841e-05,
      "max": -4.917026203976604e-07,
      "p05": -1.5769142731658636e-05,
      "p95": -5.05345323420503e-07,
      "n_outliers_high": 0,
      "n_outliers_low": 0
    },
    "dbar": {
      "n_marginals": 256,
      "mean": -6.298273695116985e-09,
      "std": 9.651259474157108e-08,
      "min": -1.4421417837695572e-07,
      "max": 1.317042639392696e-07,
      "p05": -1.4333719983161686e-07,
      "p95": 1.3082655564433665e-07,
      "n_outliers_high": 0,
      "n_outliers_low": 0
    },
    "g": {
      "n_marginals": 256,
      "mean": 1.4087359698324378e-06,
      "std": 1.1138523920060492e-08,
      "min": 1.3969524568224756e-06,
      "max": 1.4204640135240254e-06,
      "p05": 1.3972049560107003e-06,
      "p95": 1.4202919055295027e-06,
      "n_outliers_high": 0,
      "n_outliers_low": 0
    },
    "d": {
      "n_marginals": 256,
      "mean": 5.6981194064380236e-08,
      "std": 2.003466542128367e-07,
      "min": -1.8165923298951725e-07,
      "max": 2.9571048720811177e-07,
      "p05": -1.8052896127995766e-07,
      "p95": 2.94578658355249e-07,
      "n_outliers_high": 0,
      "n_outliers_low": 0
    },
    "u": {
      "n_marginals": 256,
      "mean": -2.6211609201595362e-06,
      "std": 2.666412151349068e-06,
      "min": -6.288954905508959e-06,
      "max": 1.0488435928657225e-06,
      "p05": -6.276174392805256e-06,
      "p95": 1.0360558975186507e-06,
      "n_outliers_high": 0,
      "n_outliers_low": 0
    },
    "s": {
      "n_marginals": 256,
      "mean": -0.0006301086519515673,
      "std": 0.00029161252142012996,
      "min": -0.0009453581577045789,
      "max": -0.00031485631602690134,
      "p05": -0.0009424502576456661,
      "p95": -0.0003177598763733913,
      "n_outliers_high": 0,
      "n_outliers_low": 0
    },
    "c": {
      "n_marginals": 256,
      "mean": -8.975226071696561e-06,
      "std": 5.63176275452361e-06,
      "min": -1.6706742648420203e-05,
      "max": -1.242617154284531e-06,
      "p05": -1.6683725571731145e-05,
      "p95": -1.265615951651089e-06,
      "n_outliers_high": 0,
      "n_outliers_low": 0
    }
  }
}