flavour,shapley_value
cbar,0.00001363
sbar,0.00011727
ubar,0.00000853
dbar,0.00000004
g,0.00000141
d,0.00000014
u,0.00000273
s,0.00063029
c,0.00000912
