flavour,shapley_value
cbar,-0.00001330
sbar,-0.00011723
ubar,-0.00000814
dbar,-0.00000001
g,0.00000141
d,0.00000006
u,-0.00000262
s,-0.00063011
c,-0.00000898
